kv f16/f16 ub512,8192,ok,,471,3467,1298,1536,52,67,0,167.5,93.1,1996.5,3/3,7951,9,93.6,0.116,
kv f16/f16 ub512,16384,ok,,476,5008,1298,3072,60,67,0,172.8,64.9,1446.0,2/3,15964,17,64.7,0.057,
kv q8_0/q8_0 ub512,8192,ok,,473,2767,1298,816,88,67,0,153.8,109.8,1908.4,3/3,7951,8,110.2,0.149,
kv q8_0/q8_0 ub512,16384,ok,,473,3655,1298,1632,160,67,0,157.0,81.9,1383.3,2/3,15964,17,81.8,0.143,
kv q5_1/q5_1 ub512,8192,ok,,473,2531,1298,576,88,67,0,151.3,104.1,1900.3,3/3,7951,9,104.5,0.094,
kv q5_1/q5_1 ub512,16384,ok,,473,3184,1298,1152,160,67,0,145.8,72.1,1367.9,1/3,15964,17,72.9,0.14,
kv q5_0/q5_0 ub512,8192,ok,,476,2486,1298,528,88,67,0,155.5,100.8,1874.0,3/3,7951,9,101.3,0.136,
kv q5_0/q5_0 ub512,16384,ok,,473,3079,1298,1056,160,67,0,145.0,72.8,1359.4,2/3,15964,18,72.6,0.057,
kv q4_1/q4_1 ub512,8192,ok,,477,2435,1298,480,88,67,0,139.7,115.9,1895.8,3/3,7951,8,116.7,0.1,
kv q4_1/q4_1 ub512,16384,ok,,473,2983,1298,960,160,67,0,118.1,88.2,1366.8,1/3,15964,17,88.0,0.057,
kv iq4_nl/iq4_nl ub512,8192,fail,timeout,474,2397,1298,432,40,67,0,86.0,,,,,184,,,
kv q8_0/q4_0 ub512,8192,ok,,484,2585,1298,624,88,67,0,159.7,110.1,1919.6,3/3,7951,8,110.2,0.091,
kv q8_0/q4_0 ub512,16384,ok,,493,3289,1298,1248,160,67,0,165.3,82.0,1392.4,2/3,15964,17,81.9,0.057,
kv q4_0/q8_0 ub512,8192,ok,,472,2583,1298,624,88,67,0,148.2,114.8,1916.1,3/3,7951,8,115.3,0.169,
kv q4_0/q8_0 ub512,16384,ok,,473,3290,1298,1248,160,67,0,139.7,86.0,1380.7,1/3,15964,17,86.8,0.057,
kv q4_0/q4_0 ub512,8192,ok,,503,2407,1298,432,88,67,0,154.5,104.6,1906.1,3/3,7951,9,108.4,0.173,
kv q4_0/q4_0 ub512,16384,ok,,474,2886,1298,864,160,67,0,158.3,85.5,1362.4,1/3,15964,17,85.3,0.14,
ub q8_0/q8_0 ub256,8192,ok,,471,2751,1298,816,76,67,0,156.7,109.9,1784.2,3/3,7951,9,110.3,0.149,
ub q8_0/q8_0 ub256,16384,ok,,471,3635,1298,1632,144,67,0,148.4,81.8,1273.9,2/3,15964,18,81.7,0.143,
ub q4_0/q4_0 ub256,8192,ok,,471,2367,1298,432,76,67,0,156.1,113.4,1771.1,3/3,7951,9,113.8,0.173,
ub q4_0/q4_0 ub256,16384,ok,,471,2867,1298,864,144,67,0,132.1,85.2,1254.4,1/3,15964,18,85.0,0.14,
ub q8_0/q8_0 ub128,8192,ok,,471,2745,1298,816,70,67,0,149.0,109.5,1654.8,3/3,7951,9,110.0,0.149,
ub q8_0/q8_0 ub128,16384,ok,,471,3628,1298,1632,136,67,0,149.7,81.6,1159.9,2/3,15964,19,81.5,0.143,
ub q4_0/q4_0 ub128,8192,ok,,472,2362,1298,432,70,67,0,161.6,112.7,1623.7,3/3,7951,9,113.3,0.173,
ub q4_0/q4_0 ub128,16384,ok,,472,2860,1298,864,136,67,0,163.3,84.9,1129.7,1/3,15964,19,84.8,0.14,
ub q8_0/q8_0 ub64,8192,ok,,472,2742,1298,816,67,67,0,139.3,109.2,1507.2,3/3,7951,10,109.5,0.125,
ub q8_0/q8_0 ub64,16384,ok,,499,3647,1298,1632,132,67,0,154.3,80.1,1061.4,2/3,15964,20,79.7,0.182,
ub q4_0/q4_0 ub64,8192,ok,,480,2366,1298,432,67,67,0,146.7,112.8,1446.2,3/3,7951,10,113.0,0.173,
ub q4_0/q4_0 ub64,16384,ok,,469,2853,1298,864,132,67,0,151.4,84.9,1028.6,1/3,15964,21,84.8,0.168,
ub q8_0/q8_0 ub32,8192,ok,,469,2737,1298,816,66,67,0,154.6,109.3,1084.9,3/3,7951,12,109.5,0.125,
ub q8_0/q8_0 ub32,16384,ok,,513,3646,1298,1632,130,67,0,127.3,80.7,775.5,2/3,15964,26,81.3,0.057,
ub q4_0/q4_0 ub32,8192,ok,,469,2353,1298,432,66,67,0,137.4,112.7,1041.1,3/3,7951,12,113.0,0.168,
ub q4_0/q4_0 ub32,16384,ok,,469,2852,1298,864,130,67,0,147.1,84.4,734.9,1/3,15964,27,84.6,0.173,
vec q8_0/q8_0 ub512,8192,ok,,469,2723,1298,816,48,67,0,137.4,108.8,718.3,3/3,7951,15,109.4,0.169,
vec q8_0/q8_0 ub512,16384,ok,,469,3548,1298,1632,56,67,0,141.4,81.4,398.5,2/3,15964,46,81.1,0.143,
vec q8_0/q4_0 ub512,8192,ok,,469,2531,1298,624,48,67,0,136.8,108.4,750.1,3/3,7951,15,108.6,0.169,
vec q8_0/q4_0 ub512,16384,ok,,469,4451,1298,1248,56,67,0,148.8,79.4,434.9,2/3,15964,42,78.6,0.12,
vec q4_0/q4_0 ub512,8192,ok,,567,2445,1298,432,48,67,0,148.2,111.1,762.6,3/3,7951,15,109.5,0.169,
vec q4_0/q4_0 ub512,16384,ok,,482,2788,1298,864,56,67,0,137.9,84.4,463.2,1/3,15964,40,84.2,0.06,
vec q4_0/q4_0 ub128,8192,ok,,466,2299,1298,432,12,67,0,136.0,112.3,790.6,3/3,7951,14,112.6,0.169,
vec q4_0/q4_0 ub128,16384,ok,,466,2733,1298,864,14,67,0,149.0,84.5,466.9,1/3,15964,40,84.2,0.06,
vec q4_0/q4_0 ub64,8192,ok,,466,2293,1298,432,6,67,0,147.5,112.0,761.7,3/3,7951,15,112.4,0.169,
vec q4_0/q4_0 ub64,16384,ok,,466,2725,1298,864,7,67,0,136.0,84.3,452.5,1/3,15964,41,84.2,0.06,
ngram simple default n12 m48 q8/q8,16384,ok,,466,3649,1298,1632,160,67,0,119.0,81.9,1357.9,2/3,15964,17,81.6,0.143,0.18
ngram simple n4 m16 q8/q8,16384,ok,,467,3649,1298,1632,160,67,0,150.1,66.8,1359.3,2/3,15964,17,84.4,0.143,0.3
ngram simple n6 m24 q8/q8,16384,ok,,466,3649,1298,1632,160,67,0,155.2,86.0,1360.2,2/3,15964,17,91.2,0.143,0.3
ngram simple n8 m32 q8/q8,16384,ok,,466,3649,1298,1632,160,67,0,167.5,77.5,1360.3,2/3,15964,17,81.3,0.143,0.2
ngram simple n16 m64 q8/q8,16384,ok,,466,3649,1298,1632,160,67,0,146.3,80.7,1359.5,2/3,15964,17,85.8,0.143,0.37
ngram map-k default q8/q8,16384,ok,,466,3649,1298,1632,160,67,0,148.7,81.7,1360.5,2/3,15964,17,77.2,0.143,0.1
ngram map-k n6 m24 q8/q8,16384,ok,,466,3922,1298,1632,160,67,0,164.5,87.7,1361.1,2/3,15964,17,97.5,0.182,0.39
ngram map-k4v default q8/q8,16384,ok,,717,3899,1298,1632,160,67,0,145.2,82.2,1357.2,2/3,15964,17,77.4,0.143,0.1
ngram map-k4v n6 m24 q8/q8,16384,ok,,712,3894,1298,1632,160,67,0,160.5,91.2,1361.5,2/3,15964,16,100.8,0.182,0.4
ngram mod default q8/q8,16384,ok,,712,3894,1298,1632,160,67,0,142.5,80.8,1360.8,2/3,15964,17,79.8,0.143,0.15
ngram mod match12 n24-32 q8/q8,16384,ok,,656,3838,1298,1632,160,67,0,163.9,82.3,1362.1,2/3,15964,17,82.9,0.143,0.23
ngram cache default q8/q8,16384,ok,,616,3798,1298,1632,160,67,0,185.7,66.3,1363.5,2/3,15964,18,58.5,0.143,0.15
