kv f16/f16 ub512,8192,ok,,616,2444,1341,336,56,143,0,127.1,86.8,1232.9,3/3,7781,11,86.5,0.225,
kv f16/f16 ub512,16384,ok,,616,2788,1341,672,64,143,0,128.5,61.6,859.9,3/3,16017,25,61.2,0.19,
kv f16/f16 ub512,32768,ok,,616,3476,1341,1344,80,143,0,130.5,37.9,540.4,3/3,32147,69,37.9,0.065,
kv f16/f16 ub512,49152,ok,,530,4164,1341,2016,96,143,0,139.2,26.3,391.9,3/3,48483,137,26.3,0.186,
kv f16/f16 ub512,65536,ok,,616,4852,1341,2688,112,143,0,123.5,19.9,305.4,3/3,65211,231,19.8,0.142,
kv f16/f16 ub512,81920,ok,,616,5540,1341,3360,128,143,0,140.7,16.0,252.8,2/3,81253,342,16.0,0.253,
kv f16/f16 ub512,98304,fail,allocation,567,567,,,,,,,,,,,1,,,
kv q8_0/q8_0 ub512,8192,ok,,567,2241,1341,179,56,143,0,134.6,84.4,1230.7,3/3,7781,12,84.1,0.185,
kv q8_0/q8_0 ub512,16384,ok,,567,2427,1341,357,64,143,0,134.4,60.6,864.6,3/3,16017,25,60.6,0.203,
kv q8_0/q8_0 ub512,32768,ok,,567,2801,1341,714,80,143,0,127.0,39.1,544.1,3/3,32147,69,39.0,0.065,
kv q8_0/q8_0 ub512,49152,ok,,567,3189,1341,1071,112,143,0,125.9,28.6,395.4,3/3,48483,135,28.6,0.186,
kv q8_0/q8_0 ub512,65536,ok,,567,3579,1341,1428,144,143,0,134.0,22.4,309.3,3/3,65211,220,22.4,0.131,
kv q8_0/q8_0 ub512,81920,ok,,567,3967,1341,1785,176,143,0,122.6,18.5,255.9,2/3,81253,336,18.5,0.234,
kv q8_0/q8_0 ub512,98304,ok,,567,4357,1341,2142,208,143,0,134.3,15.7,216.8,0/3,97938,473,15.7,0.049,
kv q8_0/q8_0 ub512,114688,ok,,567,4745,1341,2499,240,143,0,134.0,13.6,188.6,0/3,114308,630,13.6,0.131,
kv q8_0/q8_0 ub512,131072,ok,,567,5135,1341,2856,272,143,0,115.0,12.0,166.7,0/3,130605,811,12.0,0.085,
kv q5_1/q5_1 ub512,8192,ok,,567,2189,1341,126,56,143,0,97.1,76.0,1229.2,3/3,7781,12,75.9,0.194,
kv q5_1/q5_1 ub512,16384,ok,,567,2323,1341,252,64,143,0,108.1,52.7,863.8,3/3,16017,26,52.4,0.133,
kv q5_1/q5_1 ub512,32768,ok,,567,2591,1341,504,80,143,0,123.3,32.7,544.3,3/3,32147,70,32.5,0.065,
kv q5_1/q5_1 ub512,49152,ok,,567,2875,1341,756,112,143,0,119.3,23.4,394.8,3/3,48483,137,23.4,0.186,
kv q5_1/q5_1 ub512,65536,ok,,567,3159,1341,1008,144,143,0,123.2,18.2,308.5,3/3,65211,223,18.2,0.136,
kv q5_1/q5_1 ub512,81920,ok,,567,3491,1341,1260,176,143,0,127.8,15.1,255.1,2/3,81253,341,15.0,0.216,
kv q5_1/q5_1 ub512,98304,ok,,567,3727,1341,1512,208,143,0,130.7,12.9,216.4,0/3,97938,478,12.9,0.086,
kv q5_1/q5_1 ub512,114688,ok,,567,4011,1341,1764,240,143,0,122.9,11.2,188.3,0/3,114308,636,11.2,0.06,
kv q5_1/q5_1 ub512,131072,ok,,567,4352,1341,2016,272,143,0,132.3,10.0,167.2,0/3,130605,813,10.0,0.002,
kv q5_0/q5_0 ub512,8192,ok,,567,2177,1341,116,56,143,0,104.1,71.9,1228.5,3/3,7781,12,72.0,0.263,
kv q5_0/q5_0 ub512,16384,ok,,567,2301,1341,231,64,143,0,122.8,49.4,863.5,3/3,16017,26,49.0,0.19,
kv q5_0/q5_0 ub512,32768,ok,,567,2549,1341,462,80,143,0,121.2,30.2,543.8,3/3,32147,71,30.1,0.065,
kv q5_0/q5_0 ub512,49152,ok,,567,2811,1341,693,112,143,0,128.0,21.8,395.5,3/3,48483,138,21.7,0.186,
kv q5_0/q5_0 ub512,65536,ok,,567,3075,1341,924,144,143,0,126.6,16.9,309.4,3/3,65211,230,16.8,0.148,
kv q5_0/q5_0 ub512,81920,ok,,567,3337,1341,1155,176,143,0,127.7,13.8,255.3,2/3,81253,342,13.8,0.183,
kv q5_0/q5_0 ub512,98304,ok,,567,3601,1341,1386,208,143,0,127.8,11.9,216.6,0/3,97938,480,11.8,0.052,
kv q5_0/q5_0 ub512,114688,ok,,567,3863,1341,1617,240,143,0,130.6,10.2,187.9,0/3,114308,640,10.2,0.039,
kv q5_0/q5_0 ub512,131072,ok,,567,4127,1341,1848,272,143,0,130.2,9.0,166.7,0/3,130605,819,9.0,0.074,
kv q4_1/q4_1 ub512,8192,ok,,567,2167,1341,105,56,143,0,126.6,88.9,1229.6,3/3,7781,11,88.7,0.2,
kv q4_1/q4_1 ub512,16384,ok,,481,2281,1341,210,64,143,0,130.3,66.3,864.9,3/3,16017,25,65.9,0.19,
kv q4_1/q4_1 ub512,32768,ok,,567,2555,1341,420,80,143,0,98.2,44.0,545.4,3/3,32147,68,43.9,0.065,
kv q4_1/q4_1 ub512,49152,ok,,567,2749,1341,630,112,143,0,128.9,32.8,395.8,3/3,48483,134,32.7,0.217,
kv q4_1/q4_1 ub512,65536,ok,,567,2991,1341,840,144,143,0,100.2,26.1,309.3,3/3,65211,224,26.0,0.131,
kv q4_1/q4_1 ub512,81920,ok,,567,3233,1341,1050,176,143,0,103.6,21.7,255.2,2/3,81253,334,21.7,0.279,
kv q4_1/q4_1 ub512,98304,ok,,567,3475,1341,1260,208,143,0,120.1,18.5,216.2,0/3,97938,471,18.5,0.203,
kv q4_1/q4_1 ub512,114688,ok,,567,3775,1341,1470,240,143,0,129.1,16.1,188.2,0/3,114308,628,16.1,0.071,
kv q4_1/q4_1 ub512,131072,ok,,567,4016,1341,1680,272,143,0,133.2,14.3,166.9,0/3,130605,806,14.3,0.051,
kv q8_0/q4_0 ub512,8192,ok,,567,2199,1341,137,56,143,0,126.1,82.0,1229.9,3/3,7781,12,81.6,0.2,
kv q8_0/q4_0 ub512,16384,ok,,567,2343,1341,273,64,143,0,112.1,58.8,863.6,3/3,16017,25,58.5,0.185,
kv q8_0/q4_0 ub512,32768,ok,,567,2633,1341,546,80,143,0,101.2,37.5,544.4,3/3,32147,69,37.4,0.065,
kv q8_0/q4_0 ub512,49152,ok,,567,2937,1341,819,112,143,0,122.7,27.4,395.4,3/3,48483,136,27.4,0.186,
kv q8_0/q4_0 ub512,65536,ok,,567,3243,1341,1092,144,143,0,122.0,21.5,309.0,3/3,65211,227,21.5,0.139,
kv q8_0/q4_0 ub512,81920,ok,,567,3547,1341,1365,176,143,0,113.7,17.8,256.1,2/3,81253,336,17.8,0.282,
kv q8_0/q4_0 ub512,98304,ok,,481,3853,1341,1638,208,143,0,122.6,15.0,216.7,0/3,97938,474,15.0,0.049,
kv q8_0/q4_0 ub512,114688,ok,,567,4157,1341,1911,240,143,0,131.3,13.0,188.6,0/3,114308,631,13.0,0.039,
kv q8_0/q4_0 ub512,131072,ok,,567,4463,1341,2184,272,143,0,114.1,11.5,166.6,0/3,130605,812,11.5,0.071,
kv q4_0/q8_0 ub512,8192,ok,,527,2199,1341,137,56,143,0,133.0,86.7,1228.2,3/3,7781,12,86.1,0.2,
kv q4_0/q8_0 ub512,16384,ok,,567,2343,1341,273,64,143,0,97.8,63.4,864.0,3/3,16017,25,63.1,0.19,
kv q4_0/q8_0 ub512,32768,ok,,481,2633,1341,546,80,143,0,134.3,40.9,544.7,3/3,32147,68,40.8,0.065,
kv q4_0/q8_0 ub512,49152,ok,,567,2937,1341,819,112,143,0,107.4,30.2,395.0,3/3,48483,135,30.2,0.186,
kv q4_0/q8_0 ub512,65536,ok,,567,3424,1341,1092,144,143,0,103.9,23.9,308.2,2/3,65211,226,23.8,0.137,
kv q4_0/q8_0 ub512,81920,ok,,509,3495,1341,1365,176,143,0,120.3,19.7,255.3,2/3,81253,335,19.7,0.159,
