kv f16/f16 ub512,16384,ok,,632,2522,1075,672,64,143,0,80.5,48.9,788.6,3/3,16017,24,,,
kv f16/f16 ub512,32768,ok,,657,3252,1075,1344,80,143,0,83.9,31.7,491.4,3/3,32147,69,,,
kv f16/f16 ub512,65536,ok,,553,4739,1075,2688,112,143,0,92.1,17.6,282.6,1/3,65211,235,,,
kv f16/f16 ub512,98304,fail,allocation,487,487,,,,,,,,,,,1,,,
kv q8_0/q8_0 ub512,16384,ok,,487,2081,1075,357,64,143,0,82.9,47.6,772.7,3/3,16017,24,,,
kv q8_0/q8_0 ub512,32768,ok,,487,2477,1075,714,80,143,0,87.4,31.9,487.6,3/3,32147,69,,,
kv q8_0/q8_0 ub512,65536,ok,,504,3463,1075,1428,144,143,0,81.5,18.7,279.1,3/3,65211,238,,,
kv q8_0/q8_0 ub512,98304,ok,,522,4591,1075,2142,208,143,0,81.1,13.9,205.2,0/3,97938,482,,,
kv q8_0/q8_0 ub512,131072,ok,,1054,5454,1075,2856,272,143,0,72.1,11.4,161.0,0/3,130605,817,,,
kv q8_0/q4_0 ub512,16384,ok,,427,1952,1075,273,64,143,0,85.2,47.7,802.7,3/3,16017,23,,,
kv q8_0/q4_0 ub512,32768,ok,,427,2228,1075,546,80,143,0,84.7,32.2,515.2,3/3,32147,66,,,
kv q8_0/q4_0 ub512,65536,ok,,426,3191,1075,1092,144,143,0,81.3,19.9,296.8,1/3,65211,224,,,
kv q8_0/q4_0 ub512,98304,ok,,589,3801,1075,1638,208,143,0,90.6,14.2,211.5,0/3,97938,468,,,
kv q8_0/q4_0 ub512,131072,ok,,663,4865,1075,2184,272,143,0,78.4,10.7,162.0,0/3,130605,812,,,
kv q4_0/q4_0 ub512,16384,ok,,542,1968,1075,189,64,143,0,83.1,48.0,791.1,3/3,16017,23,,,
kv q4_0/q4_0 ub512,32768,ok,,542,2174,1075,378,80,143,0,81.0,33.0,507.9,3/3,32147,67,,,
kv q4_0/q4_0 ub512,65536,ok,,542,2616,1075,756,144,143,0,84.0,20.1,292.1,1/3,65211,227,,,
kv q4_0/q4_0 ub512,98304,ok,,476,3083,1075,1134,208,143,0,85.7,14.5,205.2,0/3,97938,482,,,
kv q4_0/q4_0 ub512,131072,ok,,447,3707,1075,1512,272,143,0,83.0,11.3,158.0,0/3,130605,832,,,
