f16/f16 ub512,32768,ok,,843,4902,2616,1074,96,497,0,78.8,47.5,652.2,0/3,32464,53,,,
f16/f16 ub512,65536,fail,allocation,910,3597,,,,,,,,,,,2,,,
q8_0/q8_0 ub512,32768,ok,,888,4499,2616,594,210,497,0,75.5,51.2,646.9,0/3,32464,54,,,
q8_0/q8_0 ub512,65536,ok,,934,5273,2616,1138,370,497,0,77.1,36.8,471.5,0/3,65297,142,,,
q8_0/q8_0 ub512,98304,ok,,477,5505,2616,1682,530,497,0,78.1,28.9,376.7,0/3,98010,265,,,
q8_0/q8_0 ub512,114688,fail,allocation,487,5079,,,,,,,,,,,2,,,
q8_0/q4_0 ub512,32768,ok,,487,3891,2616,466,210,497,0,73.3,46.7,647.4,2/3,32464,54,,,
q8_0/q4_0 ub512,65536,ok,,487,4468,2616,882,370,497,0,77.9,35.1,476.7,0/3,65297,140,,,
q8_0/q4_0 ub512,98304,ok,,481,5101,2616,1298,530,497,0,72.3,26.3,377.3,0/3,98010,265,,,
q8_0/q4_0 ub512,114688,ok,,484,5399,2616,1506,610,497,0,77.3,24.4,343.6,3/3,114355,338,,,
q8_0/q4_0 ub512,131072,ok,,485,5689,2616,1714,690,497,0,76.6,22.8,315.3,0/3,130472,418,,,
q8_0/q4_0 ub512,163840,fail,allocation,491,491,,,,,,,,,,,1,,,
q4_0/q4_0 ub512,32768,ok,,491,3828,2616,338,210,497,0,77.7,48.4,644.9,0/3,32464,54,,,
q4_0/q4_0 ub512,65536,ok,,509,4306,2616,626,370,497,0,77.7,35.8,475.6,0/3,65297,141,,,
q4_0/q4_0 ub512,98304,ok,,484,4732,2616,914,530,497,0,75.5,28.6,380.2,0/3,98010,263,,,
q4_0/q4_0 ub512,114688,ok,,486,4936,2616,1058,610,497,0,77.9,26.2,346.1,3/3,114355,334,,,
q4_0/q4_0 ub512,131072,ok,,480,5153,2616,1202,690,497,0,75.7,23.9,314.7,0/3,130472,419,,,
q4_0/q4_0 ub512,163840,ok,,482,5729,2616,1490,850,497,0,71.9,20.4,268.3,0/3,163232,614,,,
q4_0/q4_0 ub512,196608,fail,allocation,545,545,,,,,,,,,,,1,,,
f16/f16 ub128,32768,ok,,545,4370,2616,1074,24,497,0,78.9,48.8,600.0,0/3,32464,58,,,
f16/f16 ub128,65536,ok,,545,5535,2616,2098,32,497,0,79.3,32.9,433.9,0/3,65297,155,,,
f16/f16 ub128,98304,fail,allocation,544,3232,,,,,,,,,,,2,,,
q8_0/q8_0 ub128,32768,ok,,545,4052,2616,594,149,497,0,77.5,51.1,594.8,2/3,32464,59,,,
q8_0/q8_0 ub128,65536,ok,,542,5034,2616,1138,285,497,0,75.0,37.1,425.0,0/3,65297,157,,,
q8_0/q8_0 ub128,98304,ok,,456,5291,2616,1682,421,497,0,78.1,28.8,332.6,0/3,98010,298,,,
q8_0/q8_0 ub128,114688,ok,,453,5701,2616,1954,489,497,0,77.8,26.0,299.8,3/3,114355,385,,,
q8_0/q8_0 ub128,131072,fail,allocation,393,393,,,,,,,,,,,1,,,
q8_0/q4_0 ub128,32768,ok,,393,3731,2616,466,149,497,0,77.9,48.5,594.0,0/3,32464,59,,,
q8_0/q4_0 ub128,65536,ok,,393,4505,2616,882,285,497,0,77.6,35.1,425.5,0/3,65297,157,,,
q8_0/q4_0 ub128,98304,ok,,444,4893,2616,1298,421,497,0,76.7,27.7,332.2,0/3,98010,299,,,
q8_0/q4_0 ub128,114688,ok,,446,5219,2616,1506,489,497,0,77.3,24.8,298.1,3/3,114355,388,,,
q8_0/q4_0 ub128,131072,ok,,469,5681,2616,1714,557,497,0,74.5,22.1,268.2,0/3,130472,492,,,
q8_0/q4_0 ub128,163840,fail,allocation,556,556,,,,,,,,,,,1,,,
q4_0/q4_0 ub128,32768,ok,,556,3816,2616,338,149,497,0,77.8,49.0,586.8,2/3,32464,59,,,
q4_0/q4_0 ub128,65536,ok,,556,4191,2616,626,285,497,0,77.6,36.3,422.0,0/3,65297,158,,,
q4_0/q4_0 ub128,98304,ok,,557,4741,2616,914,421,497,0,77.2,27.4,327.9,0/3,98010,303,,,
q4_0/q4_0 ub128,114688,ok,,498,5020,2616,1058,489,497,0,70.0,25.2,294.2,3/3,114355,394,,,
q4_0/q4_0 ub128,131072,ok,,648,5290,2616,1202,557,497,0,69.5,23.1,266.1,0/3,130472,496,,,
q4_0/q4_0 ub128,163840,ok,,544,5548,2616,1490,693,497,0,75.7,20.4,228.4,0/3,163232,720,,,
q4_0/q4_0 ub128,196608,fail,allocation,445,445,,,,,,,,,,,2,,,
vec q8_0/q4_0 ub512,32768,ok,,445,3970,2616,466,96,497,0,77.6,48.6,188.8,3/3,32464,176,,,
vec q8_0/q4_0 ub512,65536,ok,,579,4420,2616,882,128,497,0,75.5,35.0,104.8,0/3,65297,627,,,
