9B C q8/q8,8192,ok,,577,4760,3858,186,41,2788,0,,,,,,6
9B C q8/q8,32768,ok,,576,5263,3858,594,140,2788,0,,,,,,6
9B C f16/f16 fa,8192,ok,,575,4871,3858,306,36,2788,0,,,,,,6
9B C f16/f16 fa,24576,ok,,575,5385,3858,818,38,2788,0,,,,,,6
7B q8/q4,8192,ok,,575,4823,3952,182,21,292,0,,,,,,6
7B q8/q4,16384,ok,,575,5021,3952,364,38,292,0,,,,,,6
7B q8/q4,32768,ok,,575,5419,3952,728,72,292,0,,,,,,6
7B q8/q4,49152,fail,allocation,575,4601,,,,,,,,,,,2
4B q8/q8,8192,ok,,575,3555,2616,186,40,497,0,,,,,,6
4B q8/q8,32768,ok,,572,4014,2616,594,139,497,0,,,,,,6
4B q8/q8,65536,ok,,571,4689,2616,1138,271,497,0,,,,,,6
