f16/f16 ub512,16384,ok,,572,5690,3952,896,148,292,0,60.9,36.8,454.5,0/3,16179,40,,,
f16/f16 ub512,32768,fail,allocation,555,555,,,,,,,,,,,1,,,
q8_0/q8_0 ub512,16384,ok,,543,5312,3952,476,148,292,0,59.8,35.5,456.1,0/3,16179,40,,,
q8_0/q8_0 ub512,32768,fail,allocation,541,5703,3952,952,164,292,0,59.8,,,,,7,,,
q8_0/q4_0 ub512,16384,ok,,541,5109,3952,364,148,292,0,59.4,34.7,457.0,0/3,16179,40,,,
q8_0/q4_0 ub512,32768,ok,,541,5502,3952,728,164,292,0,59.4,24.1,332.5,0/3,32540,103,,,
q8_0/q4_0 ub512,49152,fail,allocation,526,539,,,,,,,,,,,2,,,
q4_0/q4_0 ub512,16384,ok,,538,4983,3952,252,148,292,0,59.3,35.6,455.1,0/3,16179,40,,,
q4_0/q4_0 ub512,32768,ok,,527,5643,3952,504,164,292,0,59.3,25.0,331.4,0/3,32540,102,,,
q4_0/q4_0 ub512,49152,fail,allocation,843,843,,,,,,,,,,,1,,,
f16/f16 ub128,16384,fail,allocation,831,4857,,,,,,,,,,,2,,,
q8_0/q8_0 ub128,16384,ok,,831,5398,3952,476,43,292,0,58.4,35.9,438.1,0/3,16179,41,,,
q8_0/q8_0 ub128,32768,fail,allocation,734,5718,,,,,,,,,,,4,,,
q8_0/q4_0 ub128,16384,ok,,648,5349,3952,364,43,292,0,59.6,34.6,430.0,0/3,16179,42,,,
q8_0/q4_0 ub128,32768,fail,allocation,873,5717,,,,,,,,,,,4,,,
q4_0/q4_0 ub128,16384,ok,,873,5247,3952,252,43,292,0,59.6,35.4,427.4,0/3,16179,42,,,
q4_0/q4_0 ub128,32768,ok,,682,5333,3952,504,79,292,0,58.5,24.9,308.7,0/3,32540,109,,,
q4_0/q4_0 ub128,49152,ok,,659,5656,3952,756,115,292,0,59.2,19.2,242.5,0/3,48665,205,,,
q4_0/q4_0 ub128,65536,fail,allocation,673,745,,,,,,,,,,,2,,,
