"4B 2 warps (live)","bafd6a875","10759","AMD Ryzen 5 7600X 6-Core Processor","NVIDIA GeForce GTX 1660 Ti","CUDA","/home/wrekt/odysseus-local/models/Qwen3.5-4B-Q4_K_M.gguf","qwen35 4B Q4_K - Medium","2824005632","4326350848","2048","512","6","0x0","0","50","f16","f16","99","0","layer","0","0","1","auto","0.00","none","auto","0","0","0","0","0","512","0","0","2026-10-07T00:15:28Z","517069172","3495517","990.226470","6.686523"
"4B 2 warps (live)","bafd6a875","10759","AMD Ryzen 5 7600X 6-Core Processor","NVIDIA GeForce GTX 1660 Ti","CUDA","/home/wrekt/odysseus-local/models/Qwen3.5-4B-Q4_K_M.gguf","qwen35 4B Q4_K - Medium","2824005632","4326350848","2048","512","6","0x0","0","50","f16","f16","99","0","layer","0","0","1","auto","0.00","none","auto","0","0","0","0","0","0","128","0","2026-10-07T00:15:30Z","1650746675","24687125","77.552133","1.149935"
"4B 8 warps","d0ab9a678","10762","AMD Ryzen 5 7600X 6-Core Processor","NVIDIA GeForce GTX 1660 Ti","CUDA","/home/wrekt/odysseus-local/models/Qwen3.5-4B-Q4_K_M.gguf","qwen35 4B Q4_K - Medium","2824005632","4326350848","2048","512","6","0x0","0","50","f16","f16","99","0","layer","0","0","1","auto","0.00","none","auto","0","0","0","0","0","512","0","0","2026-10-07T00:15:36Z","523292996","3529672","978.448972","6.585069"
"4B 8 warps","d0ab9a678","10762","AMD Ryzen 5 7600X 6-Core Processor","NVIDIA GeForce GTX 1660 Ti","CUDA","/home/wrekt/odysseus-local/models/Qwen3.5-4B-Q4_K_M.gguf","qwen35 4B Q4_K - Medium","2824005632","4326350848","2048","512","6","0x0","0","50","f16","f16","99","0","layer","0","0","1","auto","0.00","none","auto","0","0","0","0","0","0","128","0","2026-10-07T00:15:38Z","2233950582","25577803","57.302638","0.660379"
"4B 2 warps again","bafd6a875","10759","AMD Ryzen 5 7600X 6-Core Processor","NVIDIA GeForce GTX 1660 Ti","CUDA","/home/wrekt/odysseus-local/models/Qwen3.5-4B-Q4_K_M.gguf","qwen35 4B Q4_K - Medium","2824005632","4326350848","2048","512","6","0x0","0","50","f16","f16","99","0","layer","0","0","1","auto","0.00","none","auto","0","0","0","0","0","512","0","0","2026-10-07T00:15:45Z","507025912","2937108","1009.832835","5.829950"
"4B 2 warps again","bafd6a875","10759","AMD Ryzen 5 7600X 6-Core Processor","NVIDIA GeForce GTX 1660 Ti","CUDA","/home/wrekt/odysseus-local/models/Qwen3.5-4B-Q4_K_M.gguf","qwen35 4B Q4_K - Medium","2824005632","4326350848","2048","512","6","0x0","0","50","f16","f16","99","0","layer","0","0","1","auto","0.00","none","auto","0","0","0","0","0","0","128","0","2026-10-07T00:15:47Z","1606746309","849725","79.664116","0.042034"
"minicpm 2 warps (live)","bafd6a875","10759","AMD Ryzen 5 7600X 6-Core Processor","NVIDIA GeForce GTX 1660 Ti","CUDA","/home/wrekt/odysseus-local/models/MiniCPM5-2B-Q4_K_M.gguf","llama ?B Q4_K - Medium","1556172800","2516756480","2048","512","6","0x0","0","50","f16","f16","99","0","layer","0","0","1","auto","0.00","none","auto","0","0","0","0","0","512","0","0","2026-10-07T00:15:53Z","255854455","2434505","2001.257856","18.939038"
"minicpm 2 warps (live)","bafd6a875","10759","AMD Ryzen 5 7600X 6-Core Processor","NVIDIA GeForce GTX 1660 Ti","CUDA","/home/wrekt/odysseus-local/models/MiniCPM5-2B-Q4_K_M.gguf","llama ?B Q4_K - Medium","1556172800","2516756480","2048","512","6","0x0","0","50","f16","f16","99","0","layer","0","0","1","auto","0.00","none","auto","0","0","0","0","0","0","128","0","2026-10-07T00:15:54Z","889768218","998599","143.857810","0.161304"
"minicpm 8 warps","d0ab9a678","10762","AMD Ryzen 5 7600X 6-Core Processor","NVIDIA GeForce GTX 1660 Ti","CUDA","/home/wrekt/odysseus-local/models/MiniCPM5-2B-Q4_K_M.gguf","llama ?B Q4_K - Medium","1556172800","2516756480","2048","512","6","0x0","0","50","f16","f16","99","0","layer","0","0","1","auto","0.00","none","auto","0","0","0","0","0","512","0","0","2026-10-07T00:15:57Z","256088681","2176872","1999.403270","16.913880"
"minicpm 8 warps","d0ab9a678","10762","AMD Ryzen 5 7600X 6-Core Processor","NVIDIA GeForce GTX 1660 Ti","CUDA","/home/wrekt/odysseus-local/models/MiniCPM5-2B-Q4_K_M.gguf","llama ?B Q4_K - Medium","1556172800","2516756480","2048","512","6","0x0","0","50","f16","f16","99","0","layer","0","0","1","auto","0.00","none","auto","0","0","0","0","0","0","128","0","2026-10-07T00:15:58Z","1298728689","2281935","98.558124","0.172953"
"minicpm 2 warps again","bafd6a875","10759","AMD Ryzen 5 7600X 6-Core Processor","NVIDIA GeForce GTX 1660 Ti","CUDA","/home/wrekt/odysseus-local/models/MiniCPM5-2B-Q4_K_M.gguf","llama ?B Q4_K - Medium","1556172800","2516756480","2048","512","6","0x0","0","50","f16","f16","99","0","layer","0","0","1","auto","0.00","none","auto","0","0","0","0","0","512","0","0","2026-10-07T00:16:02Z","255708287","1349360","2002.318705","10.546650"
"minicpm 2 warps again","bafd6a875","10759","AMD Ryzen 5 7600X 6-Core Processor","NVIDIA GeForce GTX 1660 Ti","CUDA","/home/wrekt/odysseus-local/models/MiniCPM5-2B-Q4_K_M.gguf","llama ?B Q4_K - Medium","1556172800","2516756480","2048","512","6","0x0","0","50","f16","f16","99","0","layer","0","0","1","auto","0.00","none","auto","0","0","0","0","0","0","128","0","2026-10-07T00:16:03Z","890133466","927609","143.798764","0.149841"
"guard 2 warps (live)","bafd6a875","10759","AMD Ryzen 5 7600X 6-Core Processor","NVIDIA GeForce GTX 1660 Ti","CUDA","/home/wrekt/odysseus-local/models/virbiusguard-v2.0-q4_k_m.gguf","qwen3 0.6B Q4_K - Medium","478268416","751632384","2048","512","6","0x0","0","50","f16","f16","99","0","layer","0","0","1","auto","0.00","none","auto","0","0","0","0","0","512","0","0","2026-10-07T00:16:06Z","78485612","1843449","6525.856728","151.232105"
"guard 2 warps (live)","bafd6a875","10759","AMD Ryzen 5 7600X 6-Core Processor","NVIDIA GeForce GTX 1660 Ti","CUDA","/home/wrekt/odysseus-local/models/virbiusguard-v2.0-q4_k_m.gguf","qwen3 0.6B Q4_K - Medium","478268416","751632384","2048","512","6","0x0","0","50","f16","f16","99","0","layer","0","0","1","auto","0.00","none","auto","0","0","0","0","0","0","128","0","2026-10-07T00:16:07Z","365800278","452512","349.918077","0.431808"
"guard 8 warps","d0ab9a678","10762","AMD Ryzen 5 7600X 6-Core Processor","NVIDIA GeForce GTX 1660 Ti","CUDA","/home/wrekt/odysseus-local/models/virbiusguard-v2.0-q4_k_m.gguf","qwen3 0.6B Q4_K - Medium","478268416","751632384","2048","512","6","0x0","0","50","f16","f16","99","0","layer","0","0","1","auto","0.00","none","auto","0","0","0","0","0","512","0","0","2026-10-07T00:16:08Z","78536271","1760025","6521.436191","144.277983"
"guard 8 warps","d0ab9a678","10762","AMD Ryzen 5 7600X 6-Core Processor","NVIDIA GeForce GTX 1660 Ti","CUDA","/home/wrekt/odysseus-local/models/virbiusguard-v2.0-q4_k_m.gguf","qwen3 0.6B Q4_K - Medium","478268416","751632384","2048","512","6","0x0","0","50","f16","f16","99","0","layer","0","0","1","auto","0.00","none","auto","0","0","0","0","0","0","128","0","2026-10-07T00:16:09Z","544491508","1643663","235.083145","0.708523"
"guard 2 warps again","bafd6a875","10759","AMD Ryzen 5 7600X 6-Core Processor","NVIDIA GeForce GTX 1660 Ti","CUDA","/home/wrekt/odysseus-local/models/virbiusguard-v2.0-q4_k_m.gguf","qwen3 0.6B Q4_K - Medium","478268416","751632384","2048","512","6","0x0","0","50","f16","f16","99","0","layer","0","0","1","auto","0.00","none","auto","0","0","0","0","0","512","0","0","2026-10-07T00:16:11Z","78406883","1704181","6532.070834","140.226064"
"guard 2 warps again","bafd6a875","10759","AMD Ryzen 5 7600X 6-Core Processor","NVIDIA GeForce GTX 1660 Ti","CUDA","/home/wrekt/odysseus-local/models/virbiusguard-v2.0-q4_k_m.gguf","qwen3 0.6B Q4_K - Medium","478268416","751632384","2048","512","6","0x0","0","50","f16","f16","99","0","layer","0","0","1","auto","0.00","none","auto","0","0","0","0","0","0","128","0","2026-10-07T00:16:11Z","366224748","1539394","349.516260","1.465836"
