"minicpm5-2b","bafd6a875","10759","AMD Ryzen 5 7600X 6-Core Processor","NVIDIA GeForce GTX 1660 Ti","CUDA","/home/wrekt/odysseus-local/models/MiniCPM5-2B-Q4_K_M.gguf","llama ?B Q4_K - Medium","1556172800","2516756480","2048","512","6","0x0","0","50","q8_0","q8_0","99","0","layer","0","0","1","auto","0.00","none","auto","0","0","0","0","0","512","0","0","2026-10-06T23:25:41Z","257887528","1918181","1985.434578","14.715482"
"minicpm5-2b","bafd6a875","10759","AMD Ryzen 5 7600X 6-Core Processor","NVIDIA GeForce GTX 1660 Ti","CUDA","/home/wrekt/odysseus-local/models/MiniCPM5-2B-Q4_K_M.gguf","llama ?B Q4_K - Medium","1556172800","2516756480","2048","512","6","0x0","0","50","q8_0","q8_0","99","0","layer","0","0","1","auto","0.00","none","auto","0","0","0","0","0","0","64","0","2026-10-06T23:25:42Z","467398407","1035949","136.928600","0.303319"
"minicpm5-2b","bafd6a875","10759","AMD Ryzen 5 7600X 6-Core Processor","NVIDIA GeForce GTX 1660 Ti","CUDA","/home/wrekt/odysseus-local/models/MiniCPM5-2B-Q4_K_M.gguf","llama ?B Q4_K - Medium","1556172800","2516756480","2048","512","6","0x0","0","50","q8_0","q8_0","99","0","layer","0","0","1","auto","0.00","none","auto","0","0","0","0","0","512","0","4096","2026-10-06T23:25:44Z","436152165","1152804","1173.907686","3.097358"
"minicpm5-2b","bafd6a875","10759","AMD Ryzen 5 7600X 6-Core Processor","NVIDIA GeForce GTX 1660 Ti","CUDA","/home/wrekt/odysseus-local/models/MiniCPM5-2B-Q4_K_M.gguf","llama ?B Q4_K - Medium","1556172800","2516756480","2048","512","6","0x0","0","50","q8_0","q8_0","99","0","layer","0","0","1","auto","0.00","none","auto","0","0","0","0","0","0","64","4096","2026-10-06T23:25:48Z","623667907","1819184","102.619297","0.298955"
"minicpm5-2b","bafd6a875","10759","AMD Ryzen 5 7600X 6-Core Processor","NVIDIA GeForce GTX 1660 Ti","CUDA","/home/wrekt/odysseus-local/models/MiniCPM5-2B-Q4_K_M.gguf","llama ?B Q4_K - Medium","1556172800","2516756480","2048","512","6","0x0","0","50","q8_0","q8_0","99","0","layer","0","0","1","auto","0.00","none","auto","0","0","0","0","0","512","0","8192","2026-10-06T23:25:50Z","615067479","2381298","832.437291","3.216675"
"minicpm5-2b","bafd6a875","10759","AMD Ryzen 5 7600X 6-Core Processor","NVIDIA GeForce GTX 1660 Ti","CUDA","/home/wrekt/odysseus-local/models/MiniCPM5-2B-Q4_K_M.gguf","llama ?B Q4_K - Medium","1556172800","2516756480","2048","512","6","0x0","0","50","q8_0","q8_0","99","0","layer","0","0","1","auto","0.00","none","auto","0","0","0","0","0","0","64","8192","2026-10-06T23:25:59Z","764607442","496116","83.703106","0.054300"
"qwen3.5-4b","bafd6a875","10759","AMD Ryzen 5 7600X 6-Core Processor","NVIDIA GeForce GTX 1660 Ti","CUDA","/home/wrekt/odysseus-local/models/Qwen3.5-4B-Q4_K_M.gguf","qwen35 4B Q4_K - Medium","2824005632","4326350848","2048","512","6","0x0","0","50","q8_0","q8_0","99","0","layer","0","0","1","auto","0.00","none","auto","0","0","0","0","0","512","0","0","2026-10-06T23:26:02Z","511147343","3066314","1001.692082","5.991048"
"qwen3.5-4b","bafd6a875","10759","AMD Ryzen 5 7600X 6-Core Processor","NVIDIA GeForce GTX 1660 Ti","CUDA","/home/wrekt/odysseus-local/models/Qwen3.5-4B-Q4_K_M.gguf","qwen35 4B Q4_K - Medium","2824005632","4326350848","2048","512","6","0x0","0","50","q8_0","q8_0","99","0","layer","0","0","1","auto","0.00","none","auto","0","0","0","0","0","0","64","0","2026-10-06T23:26:04Z","818216893","2893303","78.219520","0.276030"
"qwen3.5-4b","bafd6a875","10759","AMD Ryzen 5 7600X 6-Core Processor","NVIDIA GeForce GTX 1660 Ti","CUDA","/home/wrekt/odysseus-local/models/Qwen3.5-4B-Q4_K_M.gguf","qwen35 4B Q4_K - Medium","2824005632","4326350848","2048","512","6","0x0","0","50","q8_0","q8_0","99","0","layer","0","0","1","auto","0.00","none","auto","0","0","0","0","0","512","0","4096","2026-10-06T23:26:07Z","577874368","1912110","886.012183","2.927071"
"qwen3.5-4b","bafd6a875","10759","AMD Ryzen 5 7600X 6-Core Processor","NVIDIA GeForce GTX 1660 Ti","CUDA","/home/wrekt/odysseus-local/models/Qwen3.5-4B-Q4_K_M.gguf","qwen35 4B Q4_K - Medium","2824005632","4326350848","2048","512","6","0x0","0","50","q8_0","q8_0","99","0","layer","0","0","1","auto","0.00","none","auto","0","0","0","0","0","0","64","4096","2026-10-06T23:26:13Z","860524006","776660","74.373329","0.067116"
"qwen3.5-4b","bafd6a875","10759","AMD Ryzen 5 7600X 6-Core Processor","NVIDIA GeForce GTX 1660 Ti","CUDA","/home/wrekt/odysseus-local/models/Qwen3.5-4B-Q4_K_M.gguf","qwen35 4B Q4_K - Medium","2824005632","4326350848","2048","512","6","0x0","0","50","q8_0","q8_0","99","0","layer","0","0","1","auto","0.00","none","auto","0","0","0","0","0","512","0","8192","2026-10-06T23:26:16Z","651242802","3057952","786.200680","3.696058"
"qwen3.5-4b","bafd6a875","10759","AMD Ryzen 5 7600X 6-Core Processor","NVIDIA GeForce GTX 1660 Ti","CUDA","/home/wrekt/odysseus-local/models/Qwen3.5-4B-Q4_K_M.gguf","qwen35 4B Q4_K - Medium","2824005632","4326350848","2048","512","6","0x0","0","50","q8_0","q8_0","99","0","layer","0","0","1","auto","0.00","none","auto","0","0","0","0","0","0","64","8192","2026-10-06T23:26:28Z","924116758","11698869","69.262681","0.872432"
"virbiusguard","bafd6a875","10759","AMD Ryzen 5 7600X 6-Core Processor","NVIDIA GeForce GTX 1660 Ti","CUDA","/home/wrekt/odysseus-local/models/virbiusguard-v2.0-q4_k_m.gguf","qwen3 0.6B Q4_K - Medium","478268416","751632384","2048","512","6","0x0","0","50","f16","f16","99","0","layer","0","0","1","auto","0.00","none","auto","0","0","0","0","0","512","0","0","2026-10-06T23:26:31Z","78561485","2351125","6521.017152","191.906305"
"virbiusguard","bafd6a875","10759","AMD Ryzen 5 7600X 6-Core Processor","NVIDIA GeForce GTX 1660 Ti","CUDA","/home/wrekt/odysseus-local/models/virbiusguard-v2.0-q4_k_m.gguf","qwen3 0.6B Q4_K - Medium","478268416","751632384","2048","512","6","0x0","0","50","f16","f16","99","0","layer","0","0","1","auto","0.00","none","auto","0","0","0","0","0","0","64","0","2026-10-06T23:26:31Z","182853985","1055531","350.013804","2.016747"
"virbiusguard","bafd6a875","10759","AMD Ryzen 5 7600X 6-Core Processor","NVIDIA GeForce GTX 1660 Ti","CUDA","/home/wrekt/odysseus-local/models/virbiusguard-v2.0-q4_k_m.gguf","qwen3 0.6B Q4_K - Medium","478268416","751632384","2048","512","6","0x0","0","50","f16","f16","99","0","layer","0","0","1","auto","0.00","none","auto","0","0","0","0","0","512","0","4096","2026-10-06T23:26:32Z","197029463","922883","2598.634228","12.200623"
"virbiusguard","bafd6a875","10759","AMD Ryzen 5 7600X 6-Core Processor","NVIDIA GeForce GTX 1660 Ti","CUDA","/home/wrekt/odysseus-local/models/virbiusguard-v2.0-q4_k_m.gguf","qwen3 0.6B Q4_K - Medium","478268416","751632384","2048","512","6","0x0","0","50","f16","f16","99","0","layer","0","0","1","auto","0.00","none","auto","0","0","0","0","0","0","64","4096","2026-10-06T23:26:34Z","292856403","1504638","218.540975","1.120452"
"virbiusguard","bafd6a875","10759","AMD Ryzen 5 7600X 6-Core Processor","NVIDIA GeForce GTX 1660 Ti","CUDA","/home/wrekt/odysseus-local/models/virbiusguard-v2.0-q4_k_m.gguf","qwen3 0.6B Q4_K - Medium","478268416","751632384","2048","512","6","0x0","0","50","f16","f16","99","0","layer","0","0","1","auto","0.00","none","auto","0","0","0","0","0","512","0","8192","2026-10-06T23:26:35Z","315586293","1278441","1622.394887","6.558014"
"virbiusguard","bafd6a875","10759","AMD Ryzen 5 7600X 6-Core Processor","NVIDIA GeForce GTX 1660 Ti","CUDA","/home/wrekt/odysseus-local/models/virbiusguard-v2.0-q4_k_m.gguf","qwen3 0.6B Q4_K - Medium","478268416","751632384","2048","512","6","0x0","0","50","f16","f16","99","0","layer","0","0","1","auto","0.00","none","auto","0","0","0","0","0","0","64","8192","2026-10-06T23:26:39Z","403176095","833373","158.740022","0.328023"
