"ub 512 (current)","bafd6a875","10759","AMD Ryzen 5 7600X 6-Core Processor","NVIDIA GeForce GTX 1660 Ti","CUDA","/home/wrekt/odysseus-local/models/Qwen3.5-4B-Q4_K_M.gguf","qwen35 4B Q4_K - Medium","2824005632","4326350848","2048","512","6","0x0","0","50","q8_0","q8_0","99","0","layer","0","0","1","auto","0.00","none","auto","0","0","0","0","0","4096","0","0","2026-10-06T23:58:29Z","4235212306","8083949","967.132141","1.845686"
"ub 512 (current)","bafd6a875","10759","AMD Ryzen 5 7600X 6-Core Processor","NVIDIA GeForce GTX 1660 Ti","CUDA","/home/wrekt/odysseus-local/models/Qwen3.5-4B-Q4_K_M.gguf","qwen35 4B Q4_K - Medium","2824005632","4326350848","2048","512","6","0x0","0","50","q8_0","q8_0","99","0","layer","0","0","1","auto","0.00","none","auto","0","0","0","0","0","0","64","0","2026-10-06T23:58:46Z","808716313","2349044","79.138207","0.229523"
"ub 256","bafd6a875","10759","AMD Ryzen 5 7600X 6-Core Processor","NVIDIA GeForce GTX 1660 Ti","CUDA","/home/wrekt/odysseus-local/models/Qwen3.5-4B-Q4_K_M.gguf","qwen35 4B Q4_K - Medium","2824005632","4326350848","2048","256","6","0x0","0","50","q8_0","q8_0","99","0","layer","0","0","1","auto","0.00","none","auto","0","0","0","0","0","4096","0","0","2026-10-06T23:58:49Z","4290783368","3740982","954.604724","0.831634"
"ub 256","bafd6a875","10759","AMD Ryzen 5 7600X 6-Core Processor","NVIDIA GeForce GTX 1660 Ti","CUDA","/home/wrekt/odysseus-local/models/Qwen3.5-4B-Q4_K_M.gguf","qwen35 4B Q4_K - Medium","2824005632","4326350848","2048","256","6","0x0","0","50","q8_0","q8_0","99","0","layer","0","0","1","auto","0.00","none","auto","0","0","0","0","0","0","64","0","2026-10-06T23:59:06Z","812091311","2354793","78.809314","0.228670"
"ub 1024","bafd6a875","10759","AMD Ryzen 5 7600X 6-Core Processor","NVIDIA GeForce GTX 1660 Ti","CUDA","/home/wrekt/odysseus-local/models/Qwen3.5-4B-Q4_K_M.gguf","qwen35 4B Q4_K - Medium","2824005632","4326350848","2048","1024","6","0x0","0","50","q8_0","q8_0","99","0","layer","0","0","1","auto","0.00","none","auto","0","0","0","0","0","4096","0","0","2026-10-06T23:59:09Z","4217587994","4317654","971.171880","0.994323"
"ub 1024","bafd6a875","10759","AMD Ryzen 5 7600X 6-Core Processor","NVIDIA GeForce GTX 1660 Ti","CUDA","/home/wrekt/odysseus-local/models/Qwen3.5-4B-Q4_K_M.gguf","qwen35 4B Q4_K - Medium","2824005632","4326350848","2048","1024","6","0x0","0","50","q8_0","q8_0","99","0","layer","0","0","1","auto","0.00","none","auto","0","0","0","0","0","0","64","0","2026-10-06T23:59:26Z","810256484","2304924","78.987760","0.224333"
"ub 2048","bafd6a875","10759","AMD Ryzen 5 7600X 6-Core Processor","NVIDIA GeForce GTX 1660 Ti","CUDA","/home/wrekt/odysseus-local/models/Qwen3.5-4B-Q4_K_M.gguf","qwen35 4B Q4_K - Medium","2824005632","4326350848","2048","2048","6","0x0","0","50","q8_0","q8_0","99","0","layer","0","0","1","auto","0.00","none","auto","0","0","0","0","0","4096","0","0","2026-10-06T23:59:29Z","4233703887","3824902","967.474896","0.873383"
"ub 2048","bafd6a875","10759","AMD Ryzen 5 7600X 6-Core Processor","NVIDIA GeForce GTX 1660 Ti","CUDA","/home/wrekt/odysseus-local/models/Qwen3.5-4B-Q4_K_M.gguf","qwen35 4B Q4_K - Medium","2824005632","4326350848","2048","2048","6","0x0","0","50","q8_0","q8_0","99","0","layer","0","0","1","auto","0.00","none","auto","0","0","0","0","0","0","64","0","2026-10-06T23:59:46Z","812316354","2163115","78.787411","0.209557"
"ub 512 again","bafd6a875","10759","AMD Ryzen 5 7600X 6-Core Processor","NVIDIA GeForce GTX 1660 Ti","CUDA","/home/wrekt/odysseus-local/models/Qwen3.5-4B-Q4_K_M.gguf","qwen35 4B Q4_K - Medium","2824005632","4326350848","2048","512","6","0x0","0","50","q8_0","q8_0","99","0","layer","0","0","1","auto","0.00","none","auto","0","0","0","0","0","4096","0","0","2026-10-06T23:59:50Z","4283219813","6017530","956.291195","1.344472"
"ub 512 again","bafd6a875","10759","AMD Ryzen 5 7600X 6-Core Processor","NVIDIA GeForce GTX 1660 Ti","CUDA","/home/wrekt/odysseus-local/models/Qwen3.5-4B-Q4_K_M.gguf","qwen35 4B Q4_K - Medium","2824005632","4326350848","2048","512","6","0x0","0","50","q8_0","q8_0","99","0","layer","0","0","1","auto","0.00","none","auto","0","0","0","0","0","0","64","0","2026-10-07T00:00:07Z","814222416","1501748","78.602779","0.144815"
