"ngl 27","f40988912","10753","AMD Ryzen 5 7600X 6-Core Processor","NVIDIA GeForce GTX 1660 Ti","CUDA","/home/wrekt/.lmstudio/models/mradermacher/DeepSeek-R1-Distill-Qwen-7B-Uncensored-i1-GGUF/DeepSeek-R1-Distill-Qwen-7B-Uncensored.i1-Q4_K_S.gguf","qwen2 7B Q4_K - Small","4449837980","7612756480","2048","512","6","0x0","0","50","q8_0","q8_0","27","0","layer","0","0","1","auto","0.00","none","auto","0","0","0","0","0","512","0","0","2026-10-06T12:13:49Z","869517137","26019243","589.190214","17.928576"
"ngl 27","f40988912","10753","AMD Ryzen 5 7600X 6-Core Processor","NVIDIA GeForce GTX 1660 Ti","CUDA","/home/wrekt/.lmstudio/models/mradermacher/DeepSeek-R1-Distill-Qwen-7B-Uncensored-i1-GGUF/DeepSeek-R1-Distill-Qwen-7B-Uncensored.i1-Q4_K_S.gguf","qwen2 7B Q4_K - Small","4449837980","7612756480","2048","512","6","0x0","0","50","q8_0","q8_0","27","0","layer","0","0","1","auto","0.00","none","auto","0","0","0","0","0","0","32","0","2026-10-06T12:13:53Z","797240098","54691286","40.269991","2.875764"
"ngl 27","f40988912","10753","AMD Ryzen 5 7600X 6-Core Processor","NVIDIA GeForce GTX 1660 Ti","CUDA","/home/wrekt/.lmstudio/models/mradermacher/DeepSeek-R1-Distill-Qwen-7B-Uncensored-i1-GGUF/DeepSeek-R1-Distill-Qwen-7B-Uncensored.i1-Q4_K_S.gguf","qwen2 7B Q4_K - Small","4449837980","7612756480","2048","512","6","0x0","0","50","q8_0","q8_0","27","0","layer","0","0","1","auto","0.00","none","auto","0","0","0","0","0","512","0","15360","2026-10-06T12:13:55Z","1555101585","2840416","329.239674","0.601298"
"ngl 27","f40988912","10753","AMD Ryzen 5 7600X 6-Core Processor","NVIDIA GeForce GTX 1660 Ti","CUDA","/home/wrekt/.lmstudio/models/mradermacher/DeepSeek-R1-Distill-Qwen-7B-Uncensored-i1-GGUF/DeepSeek-R1-Distill-Qwen-7B-Uncensored.i1-Q4_K_S.gguf","qwen2 7B Q4_K - Small","4449837980","7612756480","2048","512","6","0x0","0","50","q8_0","q8_0","27","0","layer","0","0","1","auto","0.00","none","auto","0","0","0","0","0","0","32","15360","2026-10-06T12:14:35Z","1297506914","2107141","24.662725","0.040082"
"ngl 28","f40988912","10753","AMD Ryzen 5 7600X 6-Core Processor","NVIDIA GeForce GTX 1660 Ti","CUDA","/home/wrekt/.lmstudio/models/mradermacher/DeepSeek-R1-Distill-Qwen-7B-Uncensored-i1-GGUF/DeepSeek-R1-Distill-Qwen-7B-Uncensored.i1-Q4_K_S.gguf","qwen2 7B Q4_K - Small","4449837980","7612756480","2048","512","6","0x0","0","50","q8_0","q8_0","28","0","layer","0","0","1","auto","0.00","none","auto","0","0","0","0","0","512","0","0","2026-10-06T12:14:40Z","753272203","2858808","679.707685","2.574143"
"ngl 28","f40988912","10753","AMD Ryzen 5 7600X 6-Core Processor","NVIDIA GeForce GTX 1660 Ti","CUDA","/home/wrekt/.lmstudio/models/mradermacher/DeepSeek-R1-Distill-Qwen-7B-Uncensored-i1-GGUF/DeepSeek-R1-Distill-Qwen-7B-Uncensored.i1-Q4_K_S.gguf","qwen2 7B Q4_K - Small","4449837980","7612756480","2048","512","6","0x0","0","50","q8_0","q8_0","28","0","layer","0","0","1","auto","0.00","none","auto","0","0","0","0","0","0","32","0","2026-10-06T12:14:43Z","664166324","1887216","48.180962","0.137130"
"ngl 28","f40988912","10753","AMD Ryzen 5 7600X 6-Core Processor","NVIDIA GeForce GTX 1660 Ti","CUDA","/home/wrekt/.lmstudio/models/mradermacher/DeepSeek-R1-Distill-Qwen-7B-Uncensored-i1-GGUF/DeepSeek-R1-Distill-Qwen-7B-Uncensored.i1-Q4_K_S.gguf","qwen2 7B Q4_K - Small","4449837980","7612756480","2048","512","6","0x0","0","50","q8_0","q8_0","28","0","layer","0","0","1","auto","0.00","none","auto","0","0","0","0","0","512","0","15360","2026-10-06T12:14:45Z","1552723202","3638252","329.744461","0.773390"
"ngl 28","f40988912","10753","AMD Ryzen 5 7600X 6-Core Processor","NVIDIA GeForce GTX 1660 Ti","CUDA","/home/wrekt/.lmstudio/models/mradermacher/DeepSeek-R1-Distill-Qwen-7B-Uncensored-i1-GGUF/DeepSeek-R1-Distill-Qwen-7B-Uncensored.i1-Q4_K_S.gguf","qwen2 7B Q4_K - Small","4449837980","7612756480","2048","512","6","0x0","0","50","q8_0","q8_0","28","0","layer","0","0","1","auto","0.00","none","auto","0","0","0","0","0","0","32","15360","2026-10-06T12:15:24Z","1118151306","1159523","28.618688","0.029694"
"ngl 99 (all 29)","f40988912","10753","AMD Ryzen 5 7600X 6-Core Processor","NVIDIA GeForce GTX 1660 Ti","CUDA","/home/wrekt/.lmstudio/models/mradermacher/DeepSeek-R1-Distill-Qwen-7B-Uncensored-i1-GGUF/DeepSeek-R1-Distill-Qwen-7B-Uncensored.i1-Q4_K_S.gguf","qwen2 7B Q4_K - Small","4449837980","7612756480","2048","512","6","0x0","0","50","q8_0","q8_0","99","0","layer","0","0","1","auto","0.00","none","auto","0","0","0","0","0","512","0","0","2026-10-06T12:15:29Z","747886370","2758915","684.602175","2.520155"
"ngl 99 (all 29)","f40988912","10753","AMD Ryzen 5 7600X 6-Core Processor","NVIDIA GeForce GTX 1660 Ti","CUDA","/home/wrekt/.lmstudio/models/mradermacher/DeepSeek-R1-Distill-Qwen-7B-Uncensored-i1-GGUF/DeepSeek-R1-Distill-Qwen-7B-Uncensored.i1-Q4_K_S.gguf","qwen2 7B Q4_K - Small","4449837980","7612756480","2048","512","6","0x0","0","50","q8_0","q8_0","99","0","layer","0","0","1","auto","0.00","none","auto","0","0","0","0","0","0","32","0","2026-10-06T12:15:32Z","596493813","834339","53.646896","0.074939"
"ngl 99 (all 29)","f40988912","10753","AMD Ryzen 5 7600X 6-Core Processor","NVIDIA GeForce GTX 1660 Ti","CUDA","/home/wrekt/.lmstudio/models/mradermacher/DeepSeek-R1-Distill-Qwen-7B-Uncensored-i1-GGUF/DeepSeek-R1-Distill-Qwen-7B-Uncensored.i1-Q4_K_S.gguf","qwen2 7B Q4_K - Small","4449837980","7612756480","2048","512","6","0x0","0","50","q8_0","q8_0","99","0","layer","0","0","1","auto","0.00","none","auto","0","0","0","0","0","512","0","15360","2026-10-06T12:15:33Z","1558438715","2133210","328.534343","0.449755"
"ngl 99 (all 29)","f40988912","10753","AMD Ryzen 5 7600X 6-Core Processor","NVIDIA GeForce GTX 1660 Ti","CUDA","/home/wrekt/.lmstudio/models/mradermacher/DeepSeek-R1-Distill-Qwen-7B-Uncensored-i1-GGUF/DeepSeek-R1-Distill-Qwen-7B-Uncensored.i1-Q4_K_S.gguf","qwen2 7B Q4_K - Small","4449837980","7612756480","2048","512","6","0x0","0","50","q8_0","q8_0","99","0","layer","0","0","1","auto","0.00","none","auto","0","0","0","0","0","0","32","15360","2026-10-06T12:16:13Z","955456642","4137403","33.492257","0.144666"
"ngl 27 again","f40988912","10753","AMD Ryzen 5 7600X 6-Core Processor","NVIDIA GeForce GTX 1660 Ti","CUDA","/home/wrekt/.lmstudio/models/mradermacher/DeepSeek-R1-Distill-Qwen-7B-Uncensored-i1-GGUF/DeepSeek-R1-Distill-Qwen-7B-Uncensored.i1-Q4_K_S.gguf","qwen2 7B Q4_K - Small","4449837980","7612756480","2048","512","6","0x0","0","50","q8_0","q8_0","27","0","layer","0","0","1","auto","0.00","none","auto","0","0","0","0","0","512","0","0","2026-10-06T12:16:17Z","776533200","2456757","659.345176","2.088518"
"ngl 27 again","f40988912","10753","AMD Ryzen 5 7600X 6-Core Processor","NVIDIA GeForce GTX 1660 Ti","CUDA","/home/wrekt/.lmstudio/models/mradermacher/DeepSeek-R1-Distill-Qwen-7B-Uncensored-i1-GGUF/DeepSeek-R1-Distill-Qwen-7B-Uncensored.i1-Q4_K_S.gguf","qwen2 7B Q4_K - Small","4449837980","7612756480","2048","512","6","0x0","0","50","q8_0","q8_0","27","0","layer","0","0","1","auto","0.00","none","auto","0","0","0","0","0","0","32","0","2026-10-06T12:16:20Z","725009267","2051163","44.137602","0.124678"
"ngl 27 again","f40988912","10753","AMD Ryzen 5 7600X 6-Core Processor","NVIDIA GeForce GTX 1660 Ti","CUDA","/home/wrekt/.lmstudio/models/mradermacher/DeepSeek-R1-Distill-Qwen-7B-Uncensored-i1-GGUF/DeepSeek-R1-Distill-Qwen-7B-Uncensored.i1-Q4_K_S.gguf","qwen2 7B Q4_K - Small","4449837980","7612756480","2048","512","6","0x0","0","50","q8_0","q8_0","27","0","layer","0","0","1","auto","0.00","none","auto","0","0","0","0","0","512","0","15360","2026-10-06T12:16:22Z","1576856880","2311630","324.697022","0.475526"
"ngl 27 again","f40988912","10753","AMD Ryzen 5 7600X 6-Core Processor","NVIDIA GeForce GTX 1660 Ti","CUDA","/home/wrekt/.lmstudio/models/mradermacher/DeepSeek-R1-Distill-Qwen-7B-Uncensored-i1-GGUF/DeepSeek-R1-Distill-Qwen-7B-Uncensored.i1-Q4_K_S.gguf","qwen2 7B Q4_K - Small","4449837980","7612756480","2048","512","6","0x0","0","50","q8_0","q8_0","27","0","layer","0","0","1","auto","0.00","none","auto","0","0","0","0","0","0","32","15360","2026-10-06T12:17:03Z","1274621165","4928104","25.105748","0.096870"
"ngl 28 again","f40988912","10753","AMD Ryzen 5 7600X 6-Core Processor","NVIDIA GeForce GTX 1660 Ti","CUDA","/home/wrekt/.lmstudio/models/mradermacher/DeepSeek-R1-Distill-Qwen-7B-Uncensored-i1-GGUF/DeepSeek-R1-Distill-Qwen-7B-Uncensored.i1-Q4_K_S.gguf","qwen2 7B Q4_K - Small","4449837980","7612756480","2048","512","6","0x0","0","50","q8_0","q8_0","28","0","layer","0","0","1","auto","0.00","none","auto","0","0","0","0","0","512","0","0","2026-10-06T12:17:07Z","766602601","4731840","667.898801","4.107971"
"ngl 28 again","f40988912","10753","AMD Ryzen 5 7600X 6-Core Processor","NVIDIA GeForce GTX 1660 Ti","CUDA","/home/wrekt/.lmstudio/models/mradermacher/DeepSeek-R1-Distill-Qwen-7B-Uncensored-i1-GGUF/DeepSeek-R1-Distill-Qwen-7B-Uncensored.i1-Q4_K_S.gguf","qwen2 7B Q4_K - Small","4449837980","7612756480","2048","512","6","0x0","0","50","q8_0","q8_0","28","0","layer","0","0","1","auto","0.00","none","auto","0","0","0","0","0","0","32","0","2026-10-06T12:17:10Z","663644346","1831927","48.218843","0.132916"
"ngl 28 again","f40988912","10753","AMD Ryzen 5 7600X 6-Core Processor","NVIDIA GeForce GTX 1660 Ti","CUDA","/home/wrekt/.lmstudio/models/mradermacher/DeepSeek-R1-Distill-Qwen-7B-Uncensored-i1-GGUF/DeepSeek-R1-Distill-Qwen-7B-Uncensored.i1-Q4_K_S.gguf","qwen2 7B Q4_K - Small","4449837980","7612756480","2048","512","6","0x0","0","50","q8_0","q8_0","28","0","layer","0","0","1","auto","0.00","none","auto","0","0","0","0","0","512","0","15360","2026-10-06T12:17:12Z","1573761944","3569261","325.336215","0.737037"
"ngl 28 again","f40988912","10753","AMD Ryzen 5 7600X 6-Core Processor","NVIDIA GeForce GTX 1660 Ti","CUDA","/home/wrekt/.lmstudio/models/mradermacher/DeepSeek-R1-Distill-Qwen-7B-Uncensored-i1-GGUF/DeepSeek-R1-Distill-Qwen-7B-Uncensored.i1-Q4_K_S.gguf","qwen2 7B Q4_K - Small","4449837980","7612756480","2048","512","6","0x0","0","50","q8_0","q8_0","28","0","layer","0","0","1","auto","0.00","none","auto","0","0","0","0","0","0","32","15360","2026-10-06T12:17:53Z","1124253187","3252542","28.463498","0.082471"
