"q8 KV, shipped","f40988912","10753","AMD Ryzen 5 7600X 6-Core Processor","NVIDIA GeForce GTX 1660 Ti","CUDA","/home/wrekt/.lmstudio/models/mradermacher/DeepSeek-R1-Distill-Qwen-7B-Uncensored-i1-GGUF/DeepSeek-R1-Distill-Qwen-7B-Uncensored.i1-Q4_K_S.gguf","qwen2 7B Q4_K - Small","4449837980","7612756480","2048","512","6","0x0","0","50","q8_0","q8_0","28","0","layer","0","0","1","auto","0.00","none","auto","0","0","0","0","0","512","0","0","2026-10-06T17:22:10Z","763852344","3293480","670.294921","2.890864"
"q8 KV, shipped","f40988912","10753","AMD Ryzen 5 7600X 6-Core Processor","NVIDIA GeForce GTX 1660 Ti","CUDA","/home/wrekt/.lmstudio/models/mradermacher/DeepSeek-R1-Distill-Qwen-7B-Uncensored-i1-GGUF/DeepSeek-R1-Distill-Qwen-7B-Uncensored.i1-Q4_K_S.gguf","qwen2 7B Q4_K - Small","4449837980","7612756480","2048","512","6","0x0","0","50","q8_0","q8_0","28","0","layer","0","0","1","auto","0.00","none","auto","0","0","0","0","0","0","32","0","2026-10-06T17:22:13Z","661635760","4565308","48.366518","0.334433"
"q8 KV, shipped","f40988912","10753","AMD Ryzen 5 7600X 6-Core Processor","NVIDIA GeForce GTX 1660 Ti","CUDA","/home/wrekt/.lmstudio/models/mradermacher/DeepSeek-R1-Distill-Qwen-7B-Uncensored-i1-GGUF/DeepSeek-R1-Distill-Qwen-7B-Uncensored.i1-Q4_K_S.gguf","qwen2 7B Q4_K - Small","4449837980","7612756480","2048","512","6","0x0","0","50","q8_0","q8_0","28","0","layer","0","0","1","auto","0.00","none","auto","0","0","0","0","0","512","0","8192","2026-10-06T17:22:15Z","1204270483","1083306","425.153886","0.382001"
"q8 KV, shipped","f40988912","10753","AMD Ryzen 5 7600X 6-Core Processor","NVIDIA GeForce GTX 1660 Ti","CUDA","/home/wrekt/.lmstudio/models/mradermacher/DeepSeek-R1-Distill-Qwen-7B-Uncensored-i1-GGUF/DeepSeek-R1-Distill-Qwen-7B-Uncensored.i1-Q4_K_S.gguf","qwen2 7B Q4_K - Small","4449837980","7612756480","2048","512","6","0x0","0","50","q8_0","q8_0","28","0","layer","0","0","1","auto","0.00","none","auto","0","0","0","0","0","0","32","8192","2026-10-06T17:22:35Z","913017503","985508","35.048643","0.037853"
"q8 KV, candidate","328ff74bd","10757","AMD Ryzen 5 7600X 6-Core Processor","NVIDIA GeForce GTX 1660 Ti","CUDA","/home/wrekt/.lmstudio/models/mradermacher/DeepSeek-R1-Distill-Qwen-7B-Uncensored-i1-GGUF/DeepSeek-R1-Distill-Qwen-7B-Uncensored.i1-Q4_K_S.gguf","qwen2 7B Q4_K - Small","4449837980","7612756480","2048","512","6","0x0","0","50","q8_0","q8_0","28","0","layer","0","0","1","auto","0.00","none","auto","0","0","0","0","0","512","0","0","2026-10-06T17:22:39Z","784353033","22232369","653.112151","18.250786"
"q8 KV, candidate","328ff74bd","10757","AMD Ryzen 5 7600X 6-Core Processor","NVIDIA GeForce GTX 1660 Ti","CUDA","/home/wrekt/.lmstudio/models/mradermacher/DeepSeek-R1-Distill-Qwen-7B-Uncensored-i1-GGUF/DeepSeek-R1-Distill-Qwen-7B-Uncensored.i1-Q4_K_S.gguf","qwen2 7B Q4_K - Small","4449837980","7612756480","2048","512","6","0x0","0","50","q8_0","q8_0","28","0","layer","0","0","1","auto","0.00","none","auto","0","0","0","0","0","0","32","0","2026-10-06T17:22:42Z","662128460","3196360","48.329740","0.232794"
"q8 KV, candidate","328ff74bd","10757","AMD Ryzen 5 7600X 6-Core Processor","NVIDIA GeForce GTX 1660 Ti","CUDA","/home/wrekt/.lmstudio/models/mradermacher/DeepSeek-R1-Distill-Qwen-7B-Uncensored-i1-GGUF/DeepSeek-R1-Distill-Qwen-7B-Uncensored.i1-Q4_K_S.gguf","qwen2 7B Q4_K - Small","4449837980","7612756480","2048","512","6","0x0","0","50","q8_0","q8_0","28","0","layer","0","0","1","auto","0.00","none","auto","0","0","0","0","0","512","0","8192","2026-10-06T17:22:44Z","1206053860","307805","424.525006","0.107648"
"q8 KV, candidate","328ff74bd","10757","AMD Ryzen 5 7600X 6-Core Processor","NVIDIA GeForce GTX 1660 Ti","CUDA","/home/wrekt/.lmstudio/models/mradermacher/DeepSeek-R1-Distill-Qwen-7B-Uncensored-i1-GGUF/DeepSeek-R1-Distill-Qwen-7B-Uncensored.i1-Q4_K_S.gguf","qwen2 7B Q4_K - Small","4449837980","7612756480","2048","512","6","0x0","0","50","q8_0","q8_0","28","0","layer","0","0","1","auto","0.00","none","auto","0","0","0","0","0","0","32","8192","2026-10-06T17:23:04Z","968581569","49361877","33.097027","1.737295"
"f16 KV, shipped","f40988912","10753","AMD Ryzen 5 7600X 6-Core Processor","NVIDIA GeForce GTX 1660 Ti","CUDA","/home/wrekt/.lmstudio/models/mradermacher/DeepSeek-R1-Distill-Qwen-7B-Uncensored-i1-GGUF/DeepSeek-R1-Distill-Qwen-7B-Uncensored.i1-Q4_K_S.gguf","qwen2 7B Q4_K - Small","4449837980","7612756480","2048","512","6","0x0","0","50","f16","f16","28","0","layer","0","0","1","auto","0.00","none","auto","0","0","0","0","0","512","0","0","2026-10-06T17:23:08Z","761879257","1501118","672.024237","1.325312"
"f16 KV, shipped","f40988912","10753","AMD Ryzen 5 7600X 6-Core Processor","NVIDIA GeForce GTX 1660 Ti","CUDA","/home/wrekt/.lmstudio/models/mradermacher/DeepSeek-R1-Distill-Qwen-7B-Uncensored-i1-GGUF/DeepSeek-R1-Distill-Qwen-7B-Uncensored.i1-Q4_K_S.gguf","qwen2 7B Q4_K - Small","4449837980","7612756480","2048","512","6","0x0","0","50","f16","f16","28","0","layer","0","0","1","auto","0.00","none","auto","0","0","0","0","0","0","32","0","2026-10-06T17:23:11Z","646030364","557281","49.533300","0.042741"
"f16 KV, shipped","f40988912","10753","AMD Ryzen 5 7600X 6-Core Processor","NVIDIA GeForce GTX 1660 Ti","CUDA","/home/wrekt/.lmstudio/models/mradermacher/DeepSeek-R1-Distill-Qwen-7B-Uncensored-i1-GGUF/DeepSeek-R1-Distill-Qwen-7B-Uncensored.i1-Q4_K_S.gguf","qwen2 7B Q4_K - Small","4449837980","7612756480","2048","512","6","0x0","0","50","f16","f16","28","0","layer","0","0","1","auto","0.00","none","auto","0","0","0","0","0","512","0","8192","2026-10-06T17:23:13Z","1186021321","499761","431.695494","0.181048"
"f16 KV, shipped","f40988912","10753","AMD Ryzen 5 7600X 6-Core Processor","NVIDIA GeForce GTX 1660 Ti","CUDA","/home/wrekt/.lmstudio/models/mradermacher/DeepSeek-R1-Distill-Qwen-7B-Uncensored-i1-GGUF/DeepSeek-R1-Distill-Qwen-7B-Uncensored.i1-Q4_K_S.gguf","qwen2 7B Q4_K - Small","4449837980","7612756480","2048","512","6","0x0","0","50","f16","f16","28","0","layer","0","0","1","auto","0.00","none","auto","0","0","0","0","0","0","32","8192","2026-10-06T17:23:33Z","864299760","2960813","37.024481","0.126578"
"f16 KV, candidate","328ff74bd","10757","AMD Ryzen 5 7600X 6-Core Processor","NVIDIA GeForce GTX 1660 Ti","CUDA","/home/wrekt/.lmstudio/models/mradermacher/DeepSeek-R1-Distill-Qwen-7B-Uncensored-i1-GGUF/DeepSeek-R1-Distill-Qwen-7B-Uncensored.i1-Q4_K_S.gguf","qwen2 7B Q4_K - Small","4449837980","7612756480","2048","512","6","0x0","0","50","f16","f16","28","0","layer","0","0","1","auto","0.00","none","auto","0","0","0","0","0","512","0","0","2026-10-06T17:23:37Z","761603300","1300747","672.267300","1.147818"
"f16 KV, candidate","328ff74bd","10757","AMD Ryzen 5 7600X 6-Core Processor","NVIDIA GeForce GTX 1660 Ti","CUDA","/home/wrekt/.lmstudio/models/mradermacher/DeepSeek-R1-Distill-Qwen-7B-Uncensored-i1-GGUF/DeepSeek-R1-Distill-Qwen-7B-Uncensored.i1-Q4_K_S.gguf","qwen2 7B Q4_K - Small","4449837980","7612756480","2048","512","6","0x0","0","50","f16","f16","28","0","layer","0","0","1","auto","0.00","none","auto","0","0","0","0","0","0","32","0","2026-10-06T17:23:40Z","646117747","2291551","49.526993","0.176002"
"f16 KV, candidate","328ff74bd","10757","AMD Ryzen 5 7600X 6-Core Processor","NVIDIA GeForce GTX 1660 Ti","CUDA","/home/wrekt/.lmstudio/models/mradermacher/DeepSeek-R1-Distill-Qwen-7B-Uncensored-i1-GGUF/DeepSeek-R1-Distill-Qwen-7B-Uncensored.i1-Q4_K_S.gguf","qwen2 7B Q4_K - Small","4449837980","7612756480","2048","512","6","0x0","0","50","f16","f16","28","0","layer","0","0","1","auto","0.00","none","auto","0","0","0","0","0","512","0","8192","2026-10-06T17:23:42Z","1186243460","160440","431.614608","0.057020"
"f16 KV, candidate","328ff74bd","10757","AMD Ryzen 5 7600X 6-Core Processor","NVIDIA GeForce GTX 1660 Ti","CUDA","/home/wrekt/.lmstudio/models/mradermacher/DeepSeek-R1-Distill-Qwen-7B-Uncensored-i1-GGUF/DeepSeek-R1-Distill-Qwen-7B-Uncensored.i1-Q4_K_S.gguf","qwen2 7B Q4_K - Small","4449837980","7612756480","2048","512","6","0x0","0","50","f16","f16","28","0","layer","0","0","1","auto","0.00","none","auto","0","0","0","0","0","0","32","8192","2026-10-06T17:24:02Z","878950911","5519611","36.407993","0.227802"
"q8 KV, shipped again","f40988912","10753","AMD Ryzen 5 7600X 6-Core Processor","NVIDIA GeForce GTX 1660 Ti","CUDA","/home/wrekt/.lmstudio/models/mradermacher/DeepSeek-R1-Distill-Qwen-7B-Uncensored-i1-GGUF/DeepSeek-R1-Distill-Qwen-7B-Uncensored.i1-Q4_K_S.gguf","qwen2 7B Q4_K - Small","4449837980","7612756480","2048","512","6","0x0","0","50","q8_0","q8_0","28","0","layer","0","0","1","auto","0.00","none","auto","0","0","0","0","0","512","0","0","2026-10-06T17:24:06Z","767912942","3245761","666.750176","2.813928"
"q8 KV, shipped again","f40988912","10753","AMD Ryzen 5 7600X 6-Core Processor","NVIDIA GeForce GTX 1660 Ti","CUDA","/home/wrekt/.lmstudio/models/mradermacher/DeepSeek-R1-Distill-Qwen-7B-Uncensored-i1-GGUF/DeepSeek-R1-Distill-Qwen-7B-Uncensored.i1-Q4_K_S.gguf","qwen2 7B Q4_K - Small","4449837980","7612756480","2048","512","6","0x0","0","50","q8_0","q8_0","28","0","layer","0","0","1","auto","0.00","none","auto","0","0","0","0","0","0","32","0","2026-10-06T17:24:09Z","663056954","2856545","48.261911","0.207674"
"q8 KV, shipped again","f40988912","10753","AMD Ryzen 5 7600X 6-Core Processor","NVIDIA GeForce GTX 1660 Ti","CUDA","/home/wrekt/.lmstudio/models/mradermacher/DeepSeek-R1-Distill-Qwen-7B-Uncensored-i1-GGUF/DeepSeek-R1-Distill-Qwen-7B-Uncensored.i1-Q4_K_S.gguf","qwen2 7B Q4_K - Small","4449837980","7612756480","2048","512","6","0x0","0","50","q8_0","q8_0","28","0","layer","0","0","1","auto","0.00","none","auto","0","0","0","0","0","512","0","8192","2026-10-06T17:24:11Z","1233980157","7460689","414.927613","2.501414"
"q8 KV, shipped again","f40988912","10753","AMD Ryzen 5 7600X 6-Core Processor","NVIDIA GeForce GTX 1660 Ti","CUDA","/home/wrekt/.lmstudio/models/mradermacher/DeepSeek-R1-Distill-Qwen-7B-Uncensored-i1-GGUF/DeepSeek-R1-Distill-Qwen-7B-Uncensored.i1-Q4_K_S.gguf","qwen2 7B Q4_K - Small","4449837980","7612756480","2048","512","6","0x0","0","50","q8_0","q8_0","28","0","layer","0","0","1","auto","0.00","none","auto","0","0","0","0","0","0","32","8192","2026-10-06T17:24:31Z","938557315","19063220","34.104155","0.684913"
"q8 KV, candidate again","328ff74bd","10757","AMD Ryzen 5 7600X 6-Core Processor","NVIDIA GeForce GTX 1660 Ti","CUDA","/home/wrekt/.lmstudio/models/mradermacher/DeepSeek-R1-Distill-Qwen-7B-Uncensored-i1-GGUF/DeepSeek-R1-Distill-Qwen-7B-Uncensored.i1-Q4_K_S.gguf","qwen2 7B Q4_K - Small","4449837980","7612756480","2048","512","6","0x0","0","50","q8_0","q8_0","28","0","layer","0","0","1","auto","0.00","none","auto","0","0","0","0","0","512","0","0","2026-10-06T17:24:35Z","770974868","5196487","664.114327","4.461595"
"q8 KV, candidate again","328ff74bd","10757","AMD Ryzen 5 7600X 6-Core Processor","NVIDIA GeForce GTX 1660 Ti","CUDA","/home/wrekt/.lmstudio/models/mradermacher/DeepSeek-R1-Distill-Qwen-7B-Uncensored-i1-GGUF/DeepSeek-R1-Distill-Qwen-7B-Uncensored.i1-Q4_K_S.gguf","qwen2 7B Q4_K - Small","4449837980","7612756480","2048","512","6","0x0","0","50","q8_0","q8_0","28","0","layer","0","0","1","auto","0.00","none","auto","0","0","0","0","0","0","32","0","2026-10-06T17:24:38Z","678325863","10311454","47.182187","0.712532"
"q8 KV, candidate again","328ff74bd","10757","AMD Ryzen 5 7600X 6-Core Processor","NVIDIA GeForce GTX 1660 Ti","CUDA","/home/wrekt/.lmstudio/models/mradermacher/DeepSeek-R1-Distill-Qwen-7B-Uncensored-i1-GGUF/DeepSeek-R1-Distill-Qwen-7B-Uncensored.i1-Q4_K_S.gguf","qwen2 7B Q4_K - Small","4449837980","7612756480","2048","512","6","0x0","0","50","q8_0","q8_0","28","0","layer","0","0","1","auto","0.00","none","auto","0","0","0","0","0","512","0","8192","2026-10-06T17:24:40Z","1220442785","10497451","419.540665","3.626291"
"q8 KV, candidate again","328ff74bd","10757","AMD Ryzen 5 7600X 6-Core Processor","NVIDIA GeForce GTX 1660 Ti","CUDA","/home/wrekt/.lmstudio/models/mradermacher/DeepSeek-R1-Distill-Qwen-7B-Uncensored-i1-GGUF/DeepSeek-R1-Distill-Qwen-7B-Uncensored.i1-Q4_K_S.gguf","qwen2 7B Q4_K - Small","4449837980","7612756480","2048","512","6","0x0","0","50","q8_0","q8_0","28","0","layer","0","0","1","auto","0.00","none","auto","0","0","0","0","0","0","32","8192","2026-10-06T17:25:00Z","925240741","5039852","34.586278","0.188586"
