"qwen2.5-3b Q5_K_M (current)","bafd6a875","10759","AMD Ryzen 5 7600X 6-Core Processor","NVIDIA GeForce GTX 1660 Ti","CUDA","/home/wrekt/odysseus-local/models/qwen2.5-3b-instruct-q5_k_m.gguf","qwen2 3B Q5_K - Medium","2432784384","3397103616","2048","512","6","0x0","0","50","q8_0","q8_0","99","0","layer","0","0","1","auto","0.00","none","auto","0","0","0","0","0","512","0","0","2026-10-06T21:37:58Z","363096162","2879752","1410.153828","11.169196"
"qwen2.5-3b Q5_K_M (current)","bafd6a875","10759","AMD Ryzen 5 7600X 6-Core Processor","NVIDIA GeForce GTX 1660 Ti","CUDA","/home/wrekt/odysseus-local/models/qwen2.5-3b-instruct-q5_k_m.gguf","qwen2 3B Q5_K - Medium","2432784384","3397103616","2048","512","6","0x0","0","50","q8_0","q8_0","99","0","layer","0","0","1","auto","0.00","none","auto","0","0","0","0","0","0","32","0","2026-10-06T21:38:00Z","311092810","1127676","102.864095","0.373188"
"qwen2.5-3b Q5_K_M (current)","bafd6a875","10759","AMD Ryzen 5 7600X 6-Core Processor","NVIDIA GeForce GTX 1660 Ti","CUDA","/home/wrekt/odysseus-local/models/qwen2.5-3b-instruct-q5_k_m.gguf","qwen2 3B Q5_K - Medium","2432784384","3397103616","2048","512","6","0x0","0","50","q8_0","q8_0","99","0","layer","0","0","1","auto","0.00","none","auto","0","0","0","0","0","512","0","8192","2026-10-06T21:38:01Z","668557976","2054969","765.832200","2.355055"
"qwen2.5-3b Q5_K_M (current)","bafd6a875","10759","AMD Ryzen 5 7600X 6-Core Processor","NVIDIA GeForce GTX 1660 Ti","CUDA","/home/wrekt/odysseus-local/models/qwen2.5-3b-instruct-q5_k_m.gguf","qwen2 3B Q5_K - Medium","2432784384","3397103616","2048","512","6","0x0","0","50","q8_0","q8_0","99","0","layer","0","0","1","auto","0.00","none","auto","0","0","0","0","0","0","32","8192","2026-10-06T21:38:11Z","436149489","1608158","73.370003","0.270032"
"gemma4-e2b QAT Q4_K_XL","bafd6a875","10759","AMD Ryzen 5 7600X 6-Core Processor","NVIDIA GeForce GTX 1660 Ti","CUDA","/home/wrekt/odysseus-local/models/gemma-4-E2B-it-qat-UD-Q4_K_XL.gguf","gemma4 E2B Q4_0","2604554380","4628569635","2048","512","6","0x0","0","50","q8_0","q8_0","99","0","layer","0","0","1","auto","0.00","none","auto","0","0","0","0","0","512","0","0","2026-10-06T21:38:13Z","239365248","2257306","2139.116750","20.075737"
"gemma4-e2b QAT Q4_K_XL","bafd6a875","10759","AMD Ryzen 5 7600X 6-Core Processor","NVIDIA GeForce GTX 1660 Ti","CUDA","/home/wrekt/odysseus-local/models/gemma-4-E2B-it-qat-UD-Q4_K_XL.gguf","gemma4 E2B Q4_0","2604554380","4628569635","2048","512","6","0x0","0","50","q8_0","q8_0","99","0","layer","0","0","1","auto","0.00","none","auto","0","0","0","0","0","0","32","0","2026-10-06T21:38:14Z","234479603","2944004","136.486755","1.712148"
"gemma4-e2b QAT Q4_K_XL","bafd6a875","10759","AMD Ryzen 5 7600X 6-Core Processor","NVIDIA GeForce GTX 1660 Ti","CUDA","/home/wrekt/odysseus-local/models/gemma-4-E2B-it-qat-UD-Q4_K_XL.gguf","gemma4 E2B Q4_0","2604554380","4628569635","2048","512","6","0x0","0","50","q8_0","q8_0","99","0","layer","0","0","1","auto","0.00","none","auto","0","0","0","0","0","512","0","8192","2026-10-06T21:38:15Z","407446813","4127953","1256.692005","12.773959"
"gemma4-e2b QAT Q4_K_XL","bafd6a875","10759","AMD Ryzen 5 7600X 6-Core Processor","NVIDIA GeForce GTX 1660 Ti","CUDA","/home/wrekt/odysseus-local/models/gemma-4-E2B-it-qat-UD-Q4_K_XL.gguf","gemma4 E2B Q4_0","2604554380","4628569635","2048","512","6","0x0","0","50","q8_0","q8_0","99","0","layer","0","0","1","auto","0.00","none","auto","0","0","0","0","0","0","32","8192","2026-10-06T21:38:22Z","275038777","2931473","116.355990","1.232817"
"sharp-minicpm 2B Q6_K_XL","bafd6a875","10759","AMD Ryzen 5 7600X 6-Core Processor","NVIDIA GeForce GTX 1660 Ti","CUDA","/home/wrekt/odysseus-local/models/Sharp-MiniCPM5-2B-Q6_K_XL.gguf","llama ?B Q6_K","2193326080","2516756480","2048","512","6","0x0","0","50","q8_0","q8_0","99","0","layer","0","0","1","auto","0.00","none","auto","0","0","0","0","0","512","0","0","2026-10-06T21:38:23Z","273063403","2922760","1875.164801","19.954670"
"sharp-minicpm 2B Q6_K_XL","bafd6a875","10759","AMD Ryzen 5 7600X 6-Core Processor","NVIDIA GeForce GTX 1660 Ti","CUDA","/home/wrekt/odysseus-local/models/Sharp-MiniCPM5-2B-Q6_K_XL.gguf","llama ?B Q6_K","2193326080","2516756480","2048","512","6","0x0","0","50","q8_0","q8_0","99","0","layer","0","0","1","auto","0.00","none","auto","0","0","0","0","0","0","32","0","2026-10-06T21:38:24Z","297770471","627515","107.465641","0.226196"
"sharp-minicpm 2B Q6_K_XL","bafd6a875","10759","AMD Ryzen 5 7600X 6-Core Processor","NVIDIA GeForce GTX 1660 Ti","CUDA","/home/wrekt/odysseus-local/models/Sharp-MiniCPM5-2B-Q6_K_XL.gguf","llama ?B Q6_K","2193326080","2516756480","2048","512","6","0x0","0","50","q8_0","q8_0","99","0","layer","0","0","1","auto","0.00","none","auto","0","0","0","0","0","512","0","8192","2026-10-06T21:38:25Z","627738149","3282828","815.641546","4.255816"
"sharp-minicpm 2B Q6_K_XL","bafd6a875","10759","AMD Ryzen 5 7600X 6-Core Processor","NVIDIA GeForce GTX 1660 Ti","CUDA","/home/wrekt/odysseus-local/models/Sharp-MiniCPM5-2B-Q6_K_XL.gguf","llama ?B Q6_K","2193326080","2516756480","2048","512","6","0x0","0","50","q8_0","q8_0","99","0","layer","0","0","1","auto","0.00","none","auto","0","0","0","0","0","0","32","8192","2026-10-06T21:38:34Z","445911407","834333","71.763301","0.134205"
"agents-a1 4B Q4_K_M","bafd6a875","10759","AMD Ryzen 5 7600X 6-Core Processor","NVIDIA GeForce GTX 1660 Ti","CUDA","/home/wrekt/odysseus-local/models/Agents-A1-4B-Q4_K_M.gguf","qwen35 4B Q4_K - Medium","2697836544","4205751296","2048","512","6","0x0","0","50","q8_0","q8_0","99","0","layer","0","0","1","auto","0.00","none","auto","0","0","0","0","0","512","0","0","2026-10-06T21:38:37Z","502111757","4677611","1019.752035","9.455478"
"agents-a1 4B Q4_K_M","bafd6a875","10759","AMD Ryzen 5 7600X 6-Core Processor","NVIDIA GeForce GTX 1660 Ti","CUDA","/home/wrekt/odysseus-local/models/Agents-A1-4B-Q4_K_M.gguf","qwen35 4B Q4_K - Medium","2697836544","4205751296","2048","512","6","0x0","0","50","q8_0","q8_0","99","0","layer","0","0","1","auto","0.00","none","auto","0","0","0","0","0","0","32","0","2026-10-06T21:38:39Z","406602084","931945","78.701298","0.180086"
"agents-a1 4B Q4_K_M","bafd6a875","10759","AMD Ryzen 5 7600X 6-Core Processor","NVIDIA GeForce GTX 1660 Ti","CUDA","/home/wrekt/odysseus-local/models/Agents-A1-4B-Q4_K_M.gguf","qwen35 4B Q4_K - Medium","2697836544","4205751296","2048","512","6","0x0","0","50","q8_0","q8_0","99","0","layer","0","0","1","auto","0.00","none","auto","0","0","0","0","0","512","0","8192","2026-10-06T21:38:40Z","644392795","2414856","794.553883","2.979829"
"agents-a1 4B Q4_K_M","bafd6a875","10759","AMD Ryzen 5 7600X 6-Core Processor","NVIDIA GeForce GTX 1660 Ti","CUDA","/home/wrekt/odysseus-local/models/Agents-A1-4B-Q4_K_M.gguf","qwen35 4B Q4_K - Medium","2697836544","4205751296","2048","512","6","0x0","0","50","q8_0","q8_0","99","0","layer","0","0","1","auto","0.00","none","auto","0","0","0","0","0","0","32","8192","2026-10-06T21:38:51Z","454505895","2506291","70.407553","0.387671"
"ternary-bonsai 8B PQ2_0","bafd6a875","10759","AMD Ryzen 5 7600X 6-Core Processor","NVIDIA GeForce GTX 1660 Ti","CUDA","/home/wrekt/odysseus-local/models/Ternary-Bonsai-8B-PQ2_0.gguf","qwen3 8B PQ2_0 - 2.13 bpw (group 128)","2176234112","8188548096","2048","512","6","0x0","0","50","q8_0","q8_0","99","0","layer","0","0","1","auto","0.00","none","auto","0","0","0","0","0","512","0","0","2026-10-06T21:38:53Z","802615021","1505911","637.916295","1.195745"
"ternary-bonsai 8B PQ2_0","bafd6a875","10759","AMD Ryzen 5 7600X 6-Core Processor","NVIDIA GeForce GTX 1660 Ti","CUDA","/home/wrekt/odysseus-local/models/Ternary-Bonsai-8B-PQ2_0.gguf","qwen3 8B PQ2_0 - 2.13 bpw (group 128)","2176234112","8188548096","2048","512","6","0x0","0","50","q8_0","q8_0","99","0","layer","0","0","1","auto","0.00","none","auto","0","0","0","0","0","0","32","0","2026-10-06T21:38:57Z","459587828","444075","69.627649","0.067083"
"ternary-bonsai 8B PQ2_0","bafd6a875","10759","AMD Ryzen 5 7600X 6-Core Processor","NVIDIA GeForce GTX 1660 Ti","CUDA","/home/wrekt/odysseus-local/models/Ternary-Bonsai-8B-PQ2_0.gguf","qwen3 8B PQ2_0 - 2.13 bpw (group 128)","2176234112","8188548096","2048","512","6","0x0","0","50","q8_0","q8_0","99","0","layer","0","0","1","auto","0.00","none","auto","0","0","0","0","0","512","0","8192","2026-10-06T21:38:58Z","1422969015","1646817","359.811389","0.416633"
"ternary-bonsai 8B PQ2_0","bafd6a875","10759","AMD Ryzen 5 7600X 6-Core Processor","NVIDIA GeForce GTX 1660 Ti","CUDA","/home/wrekt/odysseus-local/models/Ternary-Bonsai-8B-PQ2_0.gguf","qwen3 8B PQ2_0 - 2.13 bpw (group 128)","2176234112","8188548096","2048","512","6","0x0","0","50","q8_0","q8_0","99","0","layer","0","0","1","auto","0.00","none","auto","0","0","0","0","0","0","32","8192","2026-10-06T21:39:21Z","721047742","1758812","44.380039","0.108077"
