"A q6 e1-drop9",0,128,0,49,0,3,27.6267,0.4708
"A q6 e1-drop9",0,128,8192,8201,0,3,25.2693,0.0937
"A q6 e1-drop9",0,128,15360,15369,0,3,25.4279,0.0729
"A q6 e1-drop9",0,240,16384,16133,0,3,26.9375,3.4748
"C q4 6blk",0,128,0,49,0,3,30.6961,0.5226
"C q4 6blk",0,128,8192,8201,0,3,30.0119,0.0441
"C q4 6blk",0,128,15360,15369,0,3,29.2318,0.1161
"C q4 6blk",0,240,16384,16133,0,3,27.6802,0.2935
"A q6 e1-drop9-2",0,128,0,49,0,3,28.2566,0.0386
"A q6 e1-drop9-2",0,128,8192,8201,0,3,24.2532,0.8384
"A q6 e1-drop9-2",0,128,15360,15369,0,3,24.9881,0.1921
"A q6 e1-drop9-2",0,240,16384,16133,0,3,26.7863,3.5892
"C q4 6blk-2",0,128,0,49,0,3,31.0362,0.4103
"C q4 6blk-2",0,128,8192,8201,0,3,29.4093,0.3533
"C q4 6blk-2",0,128,15360,15369,0,3,30.2043,0.4144
"C q4 6blk-2",0,240,16384,16133,0,3,28.0646,0.2986
