"4B 2 warps (live)","bafd6a875","10759","AMD Ryzen 5 7600X 6-Core Processor","NVIDIA GeForce GTX 1660 Ti","CUDA","/home/wrekt/odysseus-local/models/Qwen3.5-4B-Q4_K_M.gguf","qwen35 4B Q4_K - Medium","2824005632","4326350848","2048","512","6","0x0","0","50","f16","f16","99","0","layer","0","0","1","auto","0.00","none","auto","0","0","0","0","0","512","0","0","2026-10-07T00:12:59Z","502989485","3139784","1017.940281","6.333725"
"4B 2 warps (live)","bafd6a875","10759","AMD Ryzen 5 7600X 6-Core Processor","NVIDIA GeForce GTX 1660 Ti","CUDA","/home/wrekt/odysseus-local/models/Qwen3.5-4B-Q4_K_M.gguf","qwen35 4B Q4_K - Medium","2824005632","4326350848","2048","512","6","0x0","0","50","f16","f16","99","0","layer","0","0","1","auto","0.00","none","auto","0","0","0","0","0","0","128","0","2026-10-07T00:13:01Z","1606217195","13736787","79.694211","0.678305"
"4B 1 warps","d0ab9a678","10762","AMD Ryzen 5 7600X 6-Core Processor","NVIDIA GeForce GTX 1660 Ti","CUDA","/home/wrekt/odysseus-local/models/Qwen3.5-4B-Q4_K_M.gguf","qwen35 4B Q4_K - Medium","2824005632","4326350848","2048","512","6","0x0","0","50","f16","f16","99","0","layer","0","0","1","auto","0.00","none","auto","0","0","0","0","0","512","0","0","2026-10-07T00:13:07Z","506053907","2631978","1011.768109","5.246458"
"4B 1 warps","d0ab9a678","10762","AMD Ryzen 5 7600X 6-Core Processor","NVIDIA GeForce GTX 1660 Ti","CUDA","/home/wrekt/odysseus-local/models/Qwen3.5-4B-Q4_K_M.gguf","qwen35 4B Q4_K - Medium","2824005632","4326350848","2048","512","6","0x0","0","50","f16","f16","99","0","layer","0","0","1","auto","0.00","none","auto","0","0","0","0","0","0","128","0","2026-10-07T00:13:09Z","1807896463","4354877","70.800788","0.170519"
"4B 2 warps again","bafd6a875","10759","AMD Ryzen 5 7600X 6-Core Processor","NVIDIA GeForce GTX 1660 Ti","CUDA","/home/wrekt/odysseus-local/models/Qwen3.5-4B-Q4_K_M.gguf","qwen35 4B Q4_K - Medium","2824005632","4326350848","2048","512","6","0x0","0","50","f16","f16","99","0","layer","0","0","1","auto","0.00","none","auto","0","0","0","0","0","512","0","0","2026-10-07T00:13:15Z","506290786","2772771","1011.296710","5.522084"
"4B 2 warps again","bafd6a875","10759","AMD Ryzen 5 7600X 6-Core Processor","NVIDIA GeForce GTX 1660 Ti","CUDA","/home/wrekt/odysseus-local/models/Qwen3.5-4B-Q4_K_M.gguf","qwen35 4B Q4_K - Medium","2824005632","4326350848","2048","512","6","0x0","0","50","f16","f16","99","0","layer","0","0","1","auto","0.00","none","auto","0","0","0","0","0","0","128","0","2026-10-07T00:13:17Z","1606746350","1608907","79.664152","0.079750"
"minicpm 2 warps (live)","bafd6a875","10759","AMD Ryzen 5 7600X 6-Core Processor","NVIDIA GeForce GTX 1660 Ti","CUDA","/home/wrekt/odysseus-local/models/MiniCPM5-2B-Q4_K_M.gguf","llama ?B Q4_K - Medium","1556172800","2516756480","2048","512","6","0x0","0","50","f16","f16","99","0","layer","0","0","1","auto","0.00","none","auto","0","0","0","0","0","512","0","0","2026-10-07T00:13:22Z","255657861","2494549","2002.802969","19.437091"
"minicpm 2 warps (live)","bafd6a875","10759","AMD Ryzen 5 7600X 6-Core Processor","NVIDIA GeForce GTX 1660 Ti","CUDA","/home/wrekt/odysseus-local/models/MiniCPM5-2B-Q4_K_M.gguf","llama ?B Q4_K - Medium","1556172800","2516756480","2048","512","6","0x0","0","50","f16","f16","99","0","layer","0","0","1","auto","0.00","none","auto","0","0","0","0","0","0","128","0","2026-10-07T00:13:23Z","888925480","812141","143.994152","0.131417"
"minicpm 1 warps","d0ab9a678","10762","AMD Ryzen 5 7600X 6-Core Processor","NVIDIA GeForce GTX 1660 Ti","CUDA","/home/wrekt/odysseus-local/models/MiniCPM5-2B-Q4_K_M.gguf","llama ?B Q4_K - Medium","1556172800","2516756480","2048","512","6","0x0","0","50","f16","f16","99","0","layer","0","0","1","auto","0.00","none","auto","0","0","0","0","0","512","0","0","2026-10-07T00:13:26Z","255612415","2612241","2003.171320","20.362703"
"minicpm 1 warps","d0ab9a678","10762","AMD Ryzen 5 7600X 6-Core Processor","NVIDIA GeForce GTX 1660 Ti","CUDA","/home/wrekt/odysseus-local/models/MiniCPM5-2B-Q4_K_M.gguf","llama ?B Q4_K - Medium","1556172800","2516756480","2048","512","6","0x0","0","50","f16","f16","99","0","layer","0","0","1","auto","0.00","none","auto","0","0","0","0","0","0","128","0","2026-10-07T00:13:27Z","994917150","1268937","128.654068","0.163968"
"minicpm 2 warps again","bafd6a875","10759","AMD Ryzen 5 7600X 6-Core Processor","NVIDIA GeForce GTX 1660 Ti","CUDA","/home/wrekt/odysseus-local/models/MiniCPM5-2B-Q4_K_M.gguf","llama ?B Q4_K - Medium","1556172800","2516756480","2048","512","6","0x0","0","50","f16","f16","99","0","layer","0","0","1","auto","0.00","none","auto","0","0","0","0","0","512","0","0","2026-10-07T00:13:31Z","255211485","1908523","2006.253795","14.942247"
"minicpm 2 warps again","bafd6a875","10759","AMD Ryzen 5 7600X 6-Core Processor","NVIDIA GeForce GTX 1660 Ti","CUDA","/home/wrekt/odysseus-local/models/MiniCPM5-2B-Q4_K_M.gguf","llama ?B Q4_K - Medium","1556172800","2516756480","2048","512","6","0x0","0","50","f16","f16","99","0","layer","0","0","1","auto","0.00","none","auto","0","0","0","0","0","0","128","0","2026-10-07T00:13:32Z","887606417","1062816","144.208198","0.172484"
"guard 2 warps (live)","bafd6a875","10759","AMD Ryzen 5 7600X 6-Core Processor","NVIDIA GeForce GTX 1660 Ti","CUDA","/home/wrekt/odysseus-local/models/virbiusguard-v2.0-q4_k_m.gguf","qwen3 0.6B Q4_K - Medium","478268416","751632384","2048","512","6","0x0","0","50","f16","f16","99","0","layer","0","0","1","auto","0.00","none","auto","0","0","0","0","0","512","0","0","2026-10-07T00:13:35Z","78354876","1549887","6536.060006","127.922312"
"guard 2 warps (live)","bafd6a875","10759","AMD Ryzen 5 7600X 6-Core Processor","NVIDIA GeForce GTX 1660 Ti","CUDA","/home/wrekt/odysseus-local/models/virbiusguard-v2.0-q4_k_m.gguf","qwen3 0.6B Q4_K - Medium","478268416","751632384","2048","512","6","0x0","0","50","f16","f16","99","0","layer","0","0","1","auto","0.00","none","auto","0","0","0","0","0","0","128","0","2026-10-07T00:13:35Z","365217587","287836","350.476146","0.275122"
"guard 1 warps","d0ab9a678","10762","AMD Ryzen 5 7600X 6-Core Processor","NVIDIA GeForce GTX 1660 Ti","CUDA","/home/wrekt/odysseus-local/models/virbiusguard-v2.0-q4_k_m.gguf","qwen3 0.6B Q4_K - Medium","478268416","751632384","2048","512","6","0x0","0","50","f16","f16","99","0","layer","0","0","1","auto","0.00","none","auto","0","0","0","0","0","512","0","0","2026-10-07T00:13:37Z","78468196","1716059","6526.994429","141.149559"
"guard 1 warps","d0ab9a678","10762","AMD Ryzen 5 7600X 6-Core Processor","NVIDIA GeForce GTX 1660 Ti","CUDA","/home/wrekt/odysseus-local/models/virbiusguard-v2.0-q4_k_m.gguf","qwen3 0.6B Q4_K - Medium","478268416","751632384","2048","512","6","0x0","0","50","f16","f16","99","0","layer","0","0","1","auto","0.00","none","auto","0","0","0","0","0","0","128","0","2026-10-07T00:13:37Z","405246225","1821633","315.861596","1.416013"
"guard 2 warps again","bafd6a875","10759","AMD Ryzen 5 7600X 6-Core Processor","NVIDIA GeForce GTX 1660 Ti","CUDA","/home/wrekt/odysseus-local/models/virbiusguard-v2.0-q4_k_m.gguf","qwen3 0.6B Q4_K - Medium","478268416","751632384","2048","512","6","0x0","0","50","f16","f16","99","0","layer","0","0","1","auto","0.00","none","auto","0","0","0","0","0","512","0","0","2026-10-07T00:13:39Z","78354270","1899175","6536.952154","156.476670"
"guard 2 warps again","bafd6a875","10759","AMD Ryzen 5 7600X 6-Core Processor","NVIDIA GeForce GTX 1660 Ti","CUDA","/home/wrekt/odysseus-local/models/virbiusguard-v2.0-q4_k_m.gguf","qwen3 0.6B Q4_K - Medium","478268416","751632384","2048","512","6","0x0","0","50","f16","f16","99","0","layer","0","0","1","auto","0.00","none","auto","0","0","0","0","0","0","128","0","2026-10-07T00:13:39Z","365109179","938366","350.581607","0.900052"
