"live, 6 threads (current)","bafd6a875","10759","AMD Ryzen 5 7600X 6-Core Processor","NVIDIA GeForce GTX 1660 Ti","CUDA","/home/wrekt/odysseus-local/models/virbiusguard-v2.0-q4_k_m.gguf","qwen3 0.6B Q4_K - Medium","478268416","751632384","2048","512","6","0x0","0","50","f16","f16","0","0","layer","0","0","-1","auto","0.00","none","auto","0","0","0","0","0","128","0","0","2026-10-07T00:07:35Z","69742755","7848130","1852.731676","194.451262"
"live, 6 threads (current)","bafd6a875","10759","AMD Ryzen 5 7600X 6-Core Processor","NVIDIA GeForce GTX 1660 Ti","CUDA","/home/wrekt/odysseus-local/models/virbiusguard-v2.0-q4_k_m.gguf","qwen3 0.6B Q4_K - Medium","478268416","751632384","2048","512","6","0x0","0","50","f16","f16","0","0","layer","0","0","-1","auto","0.00","none","auto","0","0","0","0","0","0","16","0","2026-10-07T00:07:36Z","127539975","2366488","125.484617","2.274011"
"LTO, 6 threads","d0ab9a678","10762","AMD Ryzen 5 7600X 6-Core Processor","NVIDIA GeForce GTX 1660 Ti","CUDA","/home/wrekt/odysseus-local/models/virbiusguard-v2.0-q4_k_m.gguf","qwen3 0.6B Q4_K - Medium","478268416","751632384","2048","512","6","0x0","0","50","f16","f16","0","0","layer","0","0","-1","auto","0.00","none","auto","0","0","0","0","0","128","0","0","2026-10-07T00:07:37Z","65629579","3303775","1954.058984","92.352589"
"LTO, 6 threads","d0ab9a678","10762","AMD Ryzen 5 7600X 6-Core Processor","NVIDIA GeForce GTX 1660 Ti","CUDA","/home/wrekt/odysseus-local/models/virbiusguard-v2.0-q4_k_m.gguf","qwen3 0.6B Q4_K - Medium","478268416","751632384","2048","512","6","0x0","0","50","f16","f16","0","0","layer","0","0","-1","auto","0.00","none","auto","0","0","0","0","0","0","16","0","2026-10-07T00:07:37Z","125449283","365059","127.542443","0.370008"
"live, 12 threads","bafd6a875","10759","AMD Ryzen 5 7600X 6-Core Processor","NVIDIA GeForce GTX 1660 Ti","CUDA","/home/wrekt/odysseus-local/models/virbiusguard-v2.0-q4_k_m.gguf","qwen3 0.6B Q4_K - Medium","478268416","751632384","2048","512","12","0x0","0","50","f16","f16","0","0","layer","0","0","-1","auto","0.00","none","auto","0","0","0","0","0","128","0","0","2026-10-07T00:07:38Z","67365740","3534865","1904.187873","97.984358"
"live, 12 threads","bafd6a875","10759","AMD Ryzen 5 7600X 6-Core Processor","NVIDIA GeForce GTX 1660 Ti","CUDA","/home/wrekt/odysseus-local/models/virbiusguard-v2.0-q4_k_m.gguf","qwen3 0.6B Q4_K - Medium","478268416","751632384","2048","512","12","0x0","0","50","f16","f16","0","0","layer","0","0","-1","auto","0.00","none","auto","0","0","0","0","0","0","16","0","2026-10-07T00:07:39Z","173518311","31433830","94.361032","14.951664"
"LTO, 12 threads","d0ab9a678","10762","AMD Ryzen 5 7600X 6-Core Processor","NVIDIA GeForce GTX 1660 Ti","CUDA","/home/wrekt/odysseus-local/models/virbiusguard-v2.0-q4_k_m.gguf","qwen3 0.6B Q4_K - Medium","478268416","751632384","2048","512","12","0x0","0","50","f16","f16","0","0","layer","0","0","-1","auto","0.00","none","auto","0","0","0","0","0","128","0","0","2026-10-07T00:07:40Z","74251250","16327665","1787.125811","360.024655"
"LTO, 12 threads","d0ab9a678","10762","AMD Ryzen 5 7600X 6-Core Processor","NVIDIA GeForce GTX 1660 Ti","CUDA","/home/wrekt/odysseus-local/models/virbiusguard-v2.0-q4_k_m.gguf","qwen3 0.6B Q4_K - Medium","478268416","751632384","2048","512","12","0x0","0","50","f16","f16","0","0","layer","0","0","-1","auto","0.00","none","auto","0","0","0","0","0","0","16","0","2026-10-07T00:07:40Z","167803524","34453362","98.249103","17.776138"
"LTO, 6 threads again","d0ab9a678","10762","AMD Ryzen 5 7600X 6-Core Processor","NVIDIA GeForce GTX 1660 Ti","CUDA","/home/wrekt/odysseus-local/models/virbiusguard-v2.0-q4_k_m.gguf","qwen3 0.6B Q4_K - Medium","478268416","751632384","2048","512","6","0x0","0","50","f16","f16","0","0","layer","0","0","-1","auto","0.00","none","auto","0","0","0","0","0","128","0","0","2026-10-07T00:07:42Z","65708213","4014791","1953.401594","110.385672"
"LTO, 6 threads again","d0ab9a678","10762","AMD Ryzen 5 7600X 6-Core Processor","NVIDIA GeForce GTX 1660 Ti","CUDA","/home/wrekt/odysseus-local/models/virbiusguard-v2.0-q4_k_m.gguf","qwen3 0.6B Q4_K - Medium","478268416","751632384","2048","512","6","0x0","0","50","f16","f16","0","0","layer","0","0","-1","auto","0.00","none","auto","0","0","0","0","0","0","16","0","2026-10-07T00:07:42Z","126088106","1344709","126.906898","1.348437"
"live, 6 threads again","bafd6a875","10759","AMD Ryzen 5 7600X 6-Core Processor","NVIDIA GeForce GTX 1660 Ti","CUDA","/home/wrekt/odysseus-local/models/virbiusguard-v2.0-q4_k_m.gguf","qwen3 0.6B Q4_K - Medium","478268416","751632384","2048","512","6","0x0","0","50","f16","f16","0","0","layer","0","0","-1","auto","0.00","none","auto","0","0","0","0","0","128","0","0","2026-10-07T00:07:43Z","63025445","3702412","2036.148893","111.152602"
"live, 6 threads again","bafd6a875","10759","AMD Ryzen 5 7600X 6-Core Processor","NVIDIA GeForce GTX 1660 Ti","CUDA","/home/wrekt/odysseus-local/models/virbiusguard-v2.0-q4_k_m.gguf","qwen3 0.6B Q4_K - Medium","478268416","751632384","2048","512","6","0x0","0","50","f16","f16","0","0","layer","0","0","-1","auto","0.00","none","auto","0","0","0","0","0","0","16","0","2026-10-07T00:07:43Z","124367352","645208","128.653888","0.665482"
