"K q8 / V q8 (shipped)","f40988912","10753","AMD Ryzen 5 7600X 6-Core Processor","NVIDIA GeForce GTX 1660 Ti","CUDA","/home/wrekt/.lmstudio/models/mradermacher/DeepSeek-R1-Distill-Qwen-7B-Uncensored-i1-GGUF/DeepSeek-R1-Distill-Qwen-7B-Uncensored.i1-Q4_K_S.gguf","qwen2 7B Q4_K - Small","4449837980","7612756480","2048","512","6","0x0","0","50","q8_0","q8_0","28","0","layer","0","0","1","auto","0.00","none","auto","0","0","0","0","0","512","0","0","2026-10-06T16:12:10Z","745357714","3685141","686.929721","3.405787"
"K q8 / V q8 (shipped)","f40988912","10753","AMD Ryzen 5 7600X 6-Core Processor","NVIDIA GeForce GTX 1660 Ti","CUDA","/home/wrekt/.lmstudio/models/mradermacher/DeepSeek-R1-Distill-Qwen-7B-Uncensored-i1-GGUF/DeepSeek-R1-Distill-Qwen-7B-Uncensored.i1-Q4_K_S.gguf","qwen2 7B Q4_K - Small","4449837980","7612756480","2048","512","6","0x0","0","50","q8_0","q8_0","28","0","layer","0","0","1","auto","0.00","none","auto","0","0","0","0","0","0","32","0","2026-10-06T16:12:13Z","660847470","2633210","48.423184","0.193050"
"K q8 / V q8 (shipped)","f40988912","10753","AMD Ryzen 5 7600X 6-Core Processor","NVIDIA GeForce GTX 1660 Ti","CUDA","/home/wrekt/.lmstudio/models/mradermacher/DeepSeek-R1-Distill-Qwen-7B-Uncensored-i1-GGUF/DeepSeek-R1-Distill-Qwen-7B-Uncensored.i1-Q4_K_S.gguf","qwen2 7B Q4_K - Small","4449837980","7612756480","2048","512","6","0x0","0","50","q8_0","q8_0","28","0","layer","0","0","1","auto","0.00","none","auto","0","0","0","0","0","512","0","8192","2026-10-06T16:12:15Z","1181172210","3598674","433.470376","1.318312"
"K q8 / V q8 (shipped)","f40988912","10753","AMD Ryzen 5 7600X 6-Core Processor","NVIDIA GeForce GTX 1660 Ti","CUDA","/home/wrekt/.lmstudio/models/mradermacher/DeepSeek-R1-Distill-Qwen-7B-Uncensored-i1-GGUF/DeepSeek-R1-Distill-Qwen-7B-Uncensored.i1-Q4_K_S.gguf","qwen2 7B Q4_K - Small","4449837980","7612756480","2048","512","6","0x0","0","50","q8_0","q8_0","28","0","layer","0","0","1","auto","0.00","none","auto","0","0","0","0","0","0","32","8192","2026-10-06T16:12:35Z","905127666","3285399","35.354440","0.128596"
"K q8 / V q8 (shipped)","f40988912","10753","AMD Ryzen 5 7600X 6-Core Processor","NVIDIA GeForce GTX 1660 Ti","CUDA","/home/wrekt/.lmstudio/models/mradermacher/DeepSeek-R1-Distill-Qwen-7B-Uncensored-i1-GGUF/DeepSeek-R1-Distill-Qwen-7B-Uncensored.i1-Q4_K_S.gguf","qwen2 7B Q4_K - Small","4449837980","7612756480","2048","512","6","0x0","0","50","q8_0","q8_0","28","0","layer","0","0","1","auto","0.00","none","auto","0","0","0","0","0","512","0","15360","2026-10-06T16:12:38Z","1547136691","8324242","330.940285","1.776341"
"K q8 / V q8 (shipped)","f40988912","10753","AMD Ryzen 5 7600X 6-Core Processor","NVIDIA GeForce GTX 1660 Ti","CUDA","/home/wrekt/.lmstudio/models/mradermacher/DeepSeek-R1-Distill-Qwen-7B-Uncensored-i1-GGUF/DeepSeek-R1-Distill-Qwen-7B-Uncensored.i1-Q4_K_S.gguf","qwen2 7B Q4_K - Small","4449837980","7612756480","2048","512","6","0x0","0","50","q8_0","q8_0","28","0","layer","0","0","1","auto","0.00","none","auto","0","0","0","0","0","0","32","15360","2026-10-06T16:13:17Z","1116269552","2268052","28.666990","0.058228"
"K q4 / V q4","f40988912","10753","AMD Ryzen 5 7600X 6-Core Processor","NVIDIA GeForce GTX 1660 Ti","CUDA","/home/wrekt/.lmstudio/models/mradermacher/DeepSeek-R1-Distill-Qwen-7B-Uncensored-i1-GGUF/DeepSeek-R1-Distill-Qwen-7B-Uncensored.i1-Q4_K_S.gguf","qwen2 7B Q4_K - Small","4449837980","7612756480","2048","512","6","0x0","0","50","q4_0","q4_0","28","0","layer","0","0","1","auto","0.00","none","auto","0","0","0","0","0","512","0","0","2026-10-06T16:13:22Z","760327034","2148528","673.398022","1.899631"
"K q4 / V q4","f40988912","10753","AMD Ryzen 5 7600X 6-Core Processor","NVIDIA GeForce GTX 1660 Ti","CUDA","/home/wrekt/.lmstudio/models/mradermacher/DeepSeek-R1-Distill-Qwen-7B-Uncensored-i1-GGUF/DeepSeek-R1-Distill-Qwen-7B-Uncensored.i1-Q4_K_S.gguf","qwen2 7B Q4_K - Small","4449837980","7612756480","2048","512","6","0x0","0","50","q4_0","q4_0","28","0","layer","0","0","1","auto","0.00","none","auto","0","0","0","0","0","0","32","0","2026-10-06T16:13:25Z","666224382","1573499","48.032044","0.113352"
"K q4 / V q4","f40988912","10753","AMD Ryzen 5 7600X 6-Core Processor","NVIDIA GeForce GTX 1660 Ti","CUDA","/home/wrekt/.lmstudio/models/mradermacher/DeepSeek-R1-Distill-Qwen-7B-Uncensored-i1-GGUF/DeepSeek-R1-Distill-Qwen-7B-Uncensored.i1-Q4_K_S.gguf","qwen2 7B Q4_K - Small","4449837980","7612756480","2048","512","6","0x0","0","50","q4_0","q4_0","28","0","layer","0","0","1","auto","0.00","none","auto","0","0","0","0","0","512","0","8192","2026-10-06T16:13:27Z","1172952796","1263423","436.505541","0.469537"
"K q4 / V q4","f40988912","10753","AMD Ryzen 5 7600X 6-Core Processor","NVIDIA GeForce GTX 1660 Ti","CUDA","/home/wrekt/.lmstudio/models/mradermacher/DeepSeek-R1-Distill-Qwen-7B-Uncensored-i1-GGUF/DeepSeek-R1-Distill-Qwen-7B-Uncensored.i1-Q4_K_S.gguf","qwen2 7B Q4_K - Small","4449837980","7612756480","2048","512","6","0x0","0","50","q4_0","q4_0","28","0","layer","0","0","1","auto","0.00","none","auto","0","0","0","0","0","0","32","8192","2026-10-06T16:13:46Z","914082845","3025260","35.008023","0.115644"
"K q4 / V q4","f40988912","10753","AMD Ryzen 5 7600X 6-Core Processor","NVIDIA GeForce GTX 1660 Ti","CUDA","/home/wrekt/.lmstudio/models/mradermacher/DeepSeek-R1-Distill-Qwen-7B-Uncensored-i1-GGUF/DeepSeek-R1-Distill-Qwen-7B-Uncensored.i1-Q4_K_S.gguf","qwen2 7B Q4_K - Small","4449837980","7612756480","2048","512","6","0x0","0","50","q4_0","q4_0","28","0","layer","0","0","1","auto","0.00","none","auto","0","0","0","0","0","512","0","15360","2026-10-06T16:13:49Z","1578607033","1607668","324.336800","0.329914"
"K q4 / V q4","f40988912","10753","AMD Ryzen 5 7600X 6-Core Processor","NVIDIA GeForce GTX 1660 Ti","CUDA","/home/wrekt/.lmstudio/models/mradermacher/DeepSeek-R1-Distill-Qwen-7B-Uncensored-i1-GGUF/DeepSeek-R1-Distill-Qwen-7B-Uncensored.i1-Q4_K_S.gguf","qwen2 7B Q4_K - Small","4449837980","7612756480","2048","512","6","0x0","0","50","q4_0","q4_0","28","0","layer","0","0","1","auto","0.00","none","auto","0","0","0","0","0","0","32","15360","2026-10-06T16:14:29Z","1142214108","2128738","28.015828","0.052162"
"K q8 / V q8, all-quants build","328ff74bd","10757","AMD Ryzen 5 7600X 6-Core Processor","NVIDIA GeForce GTX 1660 Ti","CUDA","/home/wrekt/.lmstudio/models/mradermacher/DeepSeek-R1-Distill-Qwen-7B-Uncensored-i1-GGUF/DeepSeek-R1-Distill-Qwen-7B-Uncensored.i1-Q4_K_S.gguf","qwen2 7B Q4_K - Small","4449837980","7612756480","2048","512","6","0x0","0","50","q8_0","q8_0","28","0","layer","0","0","1","auto","0.00","none","auto","0","0","0","0","0","512","0","0","2026-10-06T16:14:33Z","760720440","2675559","673.051737","2.362426"
"K q8 / V q8, all-quants build","328ff74bd","10757","AMD Ryzen 5 7600X 6-Core Processor","NVIDIA GeForce GTX 1660 Ti","CUDA","/home/wrekt/.lmstudio/models/mradermacher/DeepSeek-R1-Distill-Qwen-7B-Uncensored-i1-GGUF/DeepSeek-R1-Distill-Qwen-7B-Uncensored.i1-Q4_K_S.gguf","qwen2 7B Q4_K - Small","4449837980","7612756480","2048","512","6","0x0","0","50","q8_0","q8_0","28","0","layer","0","0","1","auto","0.00","none","auto","0","0","0","0","0","0","32","0","2026-10-06T16:14:36Z","659953142","2480012","48.488747","0.182163"
"K q8 / V q8, all-quants build","328ff74bd","10757","AMD Ryzen 5 7600X 6-Core Processor","NVIDIA GeForce GTX 1660 Ti","CUDA","/home/wrekt/.lmstudio/models/mradermacher/DeepSeek-R1-Distill-Qwen-7B-Uncensored-i1-GGUF/DeepSeek-R1-Distill-Qwen-7B-Uncensored.i1-Q4_K_S.gguf","qwen2 7B Q4_K - Small","4449837980","7612756480","2048","512","6","0x0","0","50","q8_0","q8_0","28","0","layer","0","0","1","auto","0.00","none","auto","0","0","0","0","0","512","0","8192","2026-10-06T16:14:38Z","1197348175","1318549","427.611971","0.470452"
"K q8 / V q8, all-quants build","328ff74bd","10757","AMD Ryzen 5 7600X 6-Core Processor","NVIDIA GeForce GTX 1660 Ti","CUDA","/home/wrekt/.lmstudio/models/mradermacher/DeepSeek-R1-Distill-Qwen-7B-Uncensored-i1-GGUF/DeepSeek-R1-Distill-Qwen-7B-Uncensored.i1-Q4_K_S.gguf","qwen2 7B Q4_K - Small","4449837980","7612756480","2048","512","6","0x0","0","50","q8_0","q8_0","28","0","layer","0","0","1","auto","0.00","none","auto","0","0","0","0","0","0","32","8192","2026-10-06T16:14:58Z","913507268","2015244","35.029939","0.077286"
"K q8 / V q8, all-quants build","328ff74bd","10757","AMD Ryzen 5 7600X 6-Core Processor","NVIDIA GeForce GTX 1660 Ti","CUDA","/home/wrekt/.lmstudio/models/mradermacher/DeepSeek-R1-Distill-Qwen-7B-Uncensored-i1-GGUF/DeepSeek-R1-Distill-Qwen-7B-Uncensored.i1-Q4_K_S.gguf","qwen2 7B Q4_K - Small","4449837980","7612756480","2048","512","6","0x0","0","50","q8_0","q8_0","28","0","layer","0","0","1","auto","0.00","none","auto","0","0","0","0","0","512","0","15360","2026-10-06T16:15:01Z","1564046405","838921","327.356079","0.175338"
"K q8 / V q8, all-quants build","328ff74bd","10757","AMD Ryzen 5 7600X 6-Core Processor","NVIDIA GeForce GTX 1660 Ti","CUDA","/home/wrekt/.lmstudio/models/mradermacher/DeepSeek-R1-Distill-Qwen-7B-Uncensored-i1-GGUF/DeepSeek-R1-Distill-Qwen-7B-Uncensored.i1-Q4_K_S.gguf","qwen2 7B Q4_K - Small","4449837980","7612756480","2048","512","6","0x0","0","50","q8_0","q8_0","28","0","layer","0","0","1","auto","0.00","none","auto","0","0","0","0","0","0","32","15360","2026-10-06T16:15:41Z","1123650783","1591492","28.478637","0.040305"
"K q8 / V q4","328ff74bd","10757","AMD Ryzen 5 7600X 6-Core Processor","NVIDIA GeForce GTX 1660 Ti","CUDA","/home/wrekt/.lmstudio/models/mradermacher/DeepSeek-R1-Distill-Qwen-7B-Uncensored-i1-GGUF/DeepSeek-R1-Distill-Qwen-7B-Uncensored.i1-Q4_K_S.gguf","qwen2 7B Q4_K - Small","4449837980","7612756480","2048","512","6","0x0","0","50","q8_0","q4_0","28","0","layer","0","0","1","auto","0.00","none","auto","0","0","0","0","0","512","0","0","2026-10-06T16:15:45Z","764509820","2346691","669.714366","2.052218"
"K q8 / V q4","328ff74bd","10757","AMD Ryzen 5 7600X 6-Core Processor","NVIDIA GeForce GTX 1660 Ti","CUDA","/home/wrekt/.lmstudio/models/mradermacher/DeepSeek-R1-Distill-Qwen-7B-Uncensored-i1-GGUF/DeepSeek-R1-Distill-Qwen-7B-Uncensored.i1-Q4_K_S.gguf","qwen2 7B Q4_K - Small","4449837980","7612756480","2048","512","6","0x0","0","50","q8_0","q4_0","28","0","layer","0","0","1","auto","0.00","none","auto","0","0","0","0","0","0","32","0","2026-10-06T16:15:48Z","663892494","1763714","48.200802","0.128095"
"K q8 / V q4","328ff74bd","10757","AMD Ryzen 5 7600X 6-Core Processor","NVIDIA GeForce GTX 1660 Ti","CUDA","/home/wrekt/.lmstudio/models/mradermacher/DeepSeek-R1-Distill-Qwen-7B-Uncensored-i1-GGUF/DeepSeek-R1-Distill-Qwen-7B-Uncensored.i1-Q4_K_S.gguf","qwen2 7B Q4_K - Small","4449837980","7612756480","2048","512","6","0x0","0","50","q8_0","q4_0","28","0","layer","0","0","1","auto","0.00","none","auto","0","0","0","0","0","512","0","8192","2026-10-06T16:15:50Z","1189617677","1341959","430.390742","0.485276"
"K q8 / V q4","328ff74bd","10757","AMD Ryzen 5 7600X 6-Core Processor","NVIDIA GeForce GTX 1660 Ti","CUDA","/home/wrekt/.lmstudio/models/mradermacher/DeepSeek-R1-Distill-Qwen-7B-Uncensored-i1-GGUF/DeepSeek-R1-Distill-Qwen-7B-Uncensored.i1-Q4_K_S.gguf","qwen2 7B Q4_K - Small","4449837980","7612756480","2048","512","6","0x0","0","50","q8_0","q4_0","28","0","layer","0","0","1","auto","0.00","none","auto","0","0","0","0","0","0","32","8192","2026-10-06T16:16:10Z","924953343","1569839","34.596406","0.058721"
"K q8 / V q4","328ff74bd","10757","AMD Ryzen 5 7600X 6-Core Processor","NVIDIA GeForce GTX 1660 Ti","CUDA","/home/wrekt/.lmstudio/models/mradermacher/DeepSeek-R1-Distill-Qwen-7B-Uncensored-i1-GGUF/DeepSeek-R1-Distill-Qwen-7B-Uncensored.i1-Q4_K_S.gguf","qwen2 7B Q4_K - Small","4449837980","7612756480","2048","512","6","0x0","0","50","q8_0","q4_0","28","0","layer","0","0","1","auto","0.00","none","auto","0","0","0","0","0","512","0","15360","2026-10-06T16:16:13Z","1590426059","1827668","321.926598","0.369708"
"K q8 / V q4","328ff74bd","10757","AMD Ryzen 5 7600X 6-Core Processor","NVIDIA GeForce GTX 1660 Ti","CUDA","/home/wrekt/.lmstudio/models/mradermacher/DeepSeek-R1-Distill-Qwen-7B-Uncensored-i1-GGUF/DeepSeek-R1-Distill-Qwen-7B-Uncensored.i1-Q4_K_S.gguf","qwen2 7B Q4_K - Small","4449837980","7612756480","2048","512","6","0x0","0","50","q8_0","q4_0","28","0","layer","0","0","1","auto","0.00","none","auto","0","0","0","0","0","0","32","15360","2026-10-06T16:16:54Z","1148788763","2598279","27.855521","0.062994"
"K q4 / V q8","328ff74bd","10757","AMD Ryzen 5 7600X 6-Core Processor","NVIDIA GeForce GTX 1660 Ti","CUDA","/home/wrekt/.lmstudio/models/mradermacher/DeepSeek-R1-Distill-Qwen-7B-Uncensored-i1-GGUF/DeepSeek-R1-Distill-Qwen-7B-Uncensored.i1-Q4_K_S.gguf","qwen2 7B Q4_K - Small","4449837980","7612756480","2048","512","6","0x0","0","50","q4_0","q8_0","28","0","layer","0","0","1","auto","0.00","none","auto","0","0","0","0","0","512","0","0","2026-10-06T16:16:58Z","765061713","2520015","669.231891","2.200562"
"K q4 / V q8","328ff74bd","10757","AMD Ryzen 5 7600X 6-Core Processor","NVIDIA GeForce GTX 1660 Ti","CUDA","/home/wrekt/.lmstudio/models/mradermacher/DeepSeek-R1-Distill-Qwen-7B-Uncensored-i1-GGUF/DeepSeek-R1-Distill-Qwen-7B-Uncensored.i1-Q4_K_S.gguf","qwen2 7B Q4_K - Small","4449837980","7612756480","2048","512","6","0x0","0","50","q4_0","q8_0","28","0","layer","0","0","1","auto","0.00","none","auto","0","0","0","0","0","0","32","0","2026-10-06T16:17:01Z","660486289","933373","48.449215","0.068385"
"K q4 / V q8","328ff74bd","10757","AMD Ryzen 5 7600X 6-Core Processor","NVIDIA GeForce GTX 1660 Ti","CUDA","/home/wrekt/.lmstudio/models/mradermacher/DeepSeek-R1-Distill-Qwen-7B-Uncensored-i1-GGUF/DeepSeek-R1-Distill-Qwen-7B-Uncensored.i1-Q4_K_S.gguf","qwen2 7B Q4_K - Small","4449837980","7612756480","2048","512","6","0x0","0","50","q4_0","q8_0","28","0","layer","0","0","1","auto","0.00","none","auto","0","0","0","0","0","512","0","8192","2026-10-06T16:17:03Z","1191762768","1485660","429.616148","0.535059"
"K q4 / V q8","328ff74bd","10757","AMD Ryzen 5 7600X 6-Core Processor","NVIDIA GeForce GTX 1660 Ti","CUDA","/home/wrekt/.lmstudio/models/mradermacher/DeepSeek-R1-Distill-Qwen-7B-Uncensored-i1-GGUF/DeepSeek-R1-Distill-Qwen-7B-Uncensored.i1-Q4_K_S.gguf","qwen2 7B Q4_K - Small","4449837980","7612756480","2048","512","6","0x0","0","50","q4_0","q8_0","28","0","layer","0","0","1","auto","0.00","none","auto","0","0","0","0","0","0","32","8192","2026-10-06T16:17:23Z","902347267","2062238","35.463189","0.081132"
"K q4 / V q8","328ff74bd","10757","AMD Ryzen 5 7600X 6-Core Processor","NVIDIA GeForce GTX 1660 Ti","CUDA","/home/wrekt/.lmstudio/models/mradermacher/DeepSeek-R1-Distill-Qwen-7B-Uncensored-i1-GGUF/DeepSeek-R1-Distill-Qwen-7B-Uncensored.i1-Q4_K_S.gguf","qwen2 7B Q4_K - Small","4449837980","7612756480","2048","512","6","0x0","0","50","q4_0","q8_0","28","0","layer","0","0","1","auto","0.00","none","auto","0","0","0","0","0","512","0","15360","2026-10-06T16:17:26Z","1592278274","1565837","321.552042","0.316286"
"K q4 / V q8","328ff74bd","10757","AMD Ryzen 5 7600X 6-Core Processor","NVIDIA GeForce GTX 1660 Ti","CUDA","/home/wrekt/.lmstudio/models/mradermacher/DeepSeek-R1-Distill-Qwen-7B-Uncensored-i1-GGUF/DeepSeek-R1-Distill-Qwen-7B-Uncensored.i1-Q4_K_S.gguf","qwen2 7B Q4_K - Small","4449837980","7612756480","2048","512","6","0x0","0","50","q4_0","q8_0","28","0","layer","0","0","1","auto","0.00","none","auto","0","0","0","0","0","0","32","15360","2026-10-06T16:18:06Z","1103794092","2664937","28.991027","0.069938"
"K q8 / V q8 again","f40988912","10753","AMD Ryzen 5 7600X 6-Core Processor","NVIDIA GeForce GTX 1660 Ti","CUDA","/home/wrekt/.lmstudio/models/mradermacher/DeepSeek-R1-Distill-Qwen-7B-Uncensored-i1-GGUF/DeepSeek-R1-Distill-Qwen-7B-Uncensored.i1-Q4_K_S.gguf","qwen2 7B Q4_K - Small","4449837980","7612756480","2048","512","6","0x0","0","50","q8_0","q8_0","28","0","layer","0","0","1","auto","0.00","none","auto","0","0","0","0","0","512","0","0","2026-10-06T16:18:10Z","765374366","3041687","668.960709","2.652671"
"K q8 / V q8 again","f40988912","10753","AMD Ryzen 5 7600X 6-Core Processor","NVIDIA GeForce GTX 1660 Ti","CUDA","/home/wrekt/.lmstudio/models/mradermacher/DeepSeek-R1-Distill-Qwen-7B-Uncensored-i1-GGUF/DeepSeek-R1-Distill-Qwen-7B-Uncensored.i1-Q4_K_S.gguf","qwen2 7B Q4_K - Small","4449837980","7612756480","2048","512","6","0x0","0","50","q8_0","q8_0","28","0","layer","0","0","1","auto","0.00","none","auto","0","0","0","0","0","0","32","0","2026-10-06T16:18:13Z","661709404","1818315","48.359840","0.132714"
"K q8 / V q8 again","f40988912","10753","AMD Ryzen 5 7600X 6-Core Processor","NVIDIA GeForce GTX 1660 Ti","CUDA","/home/wrekt/.lmstudio/models/mradermacher/DeepSeek-R1-Distill-Qwen-7B-Uncensored-i1-GGUF/DeepSeek-R1-Distill-Qwen-7B-Uncensored.i1-Q4_K_S.gguf","qwen2 7B Q4_K - Small","4449837980","7612756480","2048","512","6","0x0","0","50","q8_0","q8_0","28","0","layer","0","0","1","auto","0.00","none","auto","0","0","0","0","0","512","0","8192","2026-10-06T16:18:15Z","1207762920","2242136","423.925231","0.786166"
"K q8 / V q8 again","f40988912","10753","AMD Ryzen 5 7600X 6-Core Processor","NVIDIA GeForce GTX 1660 Ti","CUDA","/home/wrekt/.lmstudio/models/mradermacher/DeepSeek-R1-Distill-Qwen-7B-Uncensored-i1-GGUF/DeepSeek-R1-Distill-Qwen-7B-Uncensored.i1-Q4_K_S.gguf","qwen2 7B Q4_K - Small","4449837980","7612756480","2048","512","6","0x0","0","50","q8_0","q8_0","28","0","layer","0","0","1","auto","0.00","none","auto","0","0","0","0","0","0","32","8192","2026-10-06T16:18:36Z","918596565","1377054","34.835802","0.052184"
"K q8 / V q4 again","328ff74bd","10757","AMD Ryzen 5 7600X 6-Core Processor","NVIDIA GeForce GTX 1660 Ti","CUDA","/home/wrekt/.lmstudio/models/mradermacher/DeepSeek-R1-Distill-Qwen-7B-Uncensored-i1-GGUF/DeepSeek-R1-Distill-Qwen-7B-Uncensored.i1-Q4_K_S.gguf","qwen2 7B Q4_K - Small","4449837980","7612756480","2048","512","6","0x0","0","50","q8_0","q4_0","28","0","layer","0","0","1","auto","0.00","none","auto","0","0","0","0","0","512","0","0","2026-10-06T16:18:43Z","765465446","1848980","668.876683","1.613242"
"K q8 / V q4 again","328ff74bd","10757","AMD Ryzen 5 7600X 6-Core Processor","NVIDIA GeForce GTX 1660 Ti","CUDA","/home/wrekt/.lmstudio/models/mradermacher/DeepSeek-R1-Distill-Qwen-7B-Uncensored-i1-GGUF/DeepSeek-R1-Distill-Qwen-7B-Uncensored.i1-Q4_K_S.gguf","qwen2 7B Q4_K - Small","4449837980","7612756480","2048","512","6","0x0","0","50","q8_0","q4_0","28","0","layer","0","0","1","auto","0.00","none","auto","0","0","0","0","0","0","32","0","2026-10-06T16:18:46Z","665285438","1982754","48.099939","0.143177"
"K q8 / V q4 again","328ff74bd","10757","AMD Ryzen 5 7600X 6-Core Processor","NVIDIA GeForce GTX 1660 Ti","CUDA","/home/wrekt/.lmstudio/models/mradermacher/DeepSeek-R1-Distill-Qwen-7B-Uncensored-i1-GGUF/DeepSeek-R1-Distill-Qwen-7B-Uncensored.i1-Q4_K_S.gguf","qwen2 7B Q4_K - Small","4449837980","7612756480","2048","512","6","0x0","0","50","q8_0","q4_0","28","0","layer","0","0","1","auto","0.00","none","auto","0","0","0","0","0","512","0","8192","2026-10-06T16:18:48Z","1191551675","1660344","429.692369","0.598286"
"K q8 / V q4 again","328ff74bd","10757","AMD Ryzen 5 7600X 6-Core Processor","NVIDIA GeForce GTX 1660 Ti","CUDA","/home/wrekt/.lmstudio/models/mradermacher/DeepSeek-R1-Distill-Qwen-7B-Uncensored-i1-GGUF/DeepSeek-R1-Distill-Qwen-7B-Uncensored.i1-Q4_K_S.gguf","qwen2 7B Q4_K - Small","4449837980","7612756480","2048","512","6","0x0","0","50","q8_0","q4_0","28","0","layer","0","0","1","auto","0.00","none","auto","0","0","0","0","0","0","32","8192","2026-10-06T16:19:08Z","925242765","3649423","34.585876","0.136238"
"K q8 / V q4 again","328ff74bd","10757","AMD Ryzen 5 7600X 6-Core Processor","NVIDIA GeForce GTX 1660 Ti","CUDA","/home/wrekt/.lmstudio/models/mradermacher/DeepSeek-R1-Distill-Qwen-7B-Uncensored-i1-GGUF/DeepSeek-R1-Distill-Qwen-7B-Uncensored.i1-Q4_K_S.gguf","qwen2 7B Q4_K - Small","4449837980","7612756480","2048","512","6","0x0","0","50","q8_0","q4_0","28","0","layer","0","0","1","auto","0.00","none","auto","0","0","0","0","0","512","0","15360","2026-10-06T16:19:10Z","1591620476","1488315","321.684916","0.300782"
"K q8 / V q4 again","328ff74bd","10757","AMD Ryzen 5 7600X 6-Core Processor","NVIDIA GeForce GTX 1660 Ti","CUDA","/home/wrekt/.lmstudio/models/mradermacher/DeepSeek-R1-Distill-Qwen-7B-Uncensored-i1-GGUF/DeepSeek-R1-Distill-Qwen-7B-Uncensored.i1-Q4_K_S.gguf","qwen2 7B Q4_K - Small","4449837980","7612756480","2048","512","6","0x0","0","50","q8_0","q4_0","28","0","layer","0","0","1","auto","0.00","none","auto","0","0","0","0","0","0","32","15360","2026-10-06T16:19:51Z","1149778949","130559","27.831437","0.003161"
"K q4 / V q8 again","328ff74bd","10757","AMD Ryzen 5 7600X 6-Core Processor","NVIDIA GeForce GTX 1660 Ti","CUDA","/home/wrekt/.lmstudio/models/mradermacher/DeepSeek-R1-Distill-Qwen-7B-Uncensored-i1-GGUF/DeepSeek-R1-Distill-Qwen-7B-Uncensored.i1-Q4_K_S.gguf","qwen2 7B Q4_K - Small","4449837980","7612756480","2048","512","6","0x0","0","50","q4_0","q8_0","28","0","layer","0","0","1","auto","0.00","none","auto","0","0","0","0","0","512","0","0","2026-10-06T16:19:55Z","767066477","2913037","667.484426","2.537419"
"K q4 / V q8 again","328ff74bd","10757","AMD Ryzen 5 7600X 6-Core Processor","NVIDIA GeForce GTX 1660 Ti","CUDA","/home/wrekt/.lmstudio/models/mradermacher/DeepSeek-R1-Distill-Qwen-7B-Uncensored-i1-GGUF/DeepSeek-R1-Distill-Qwen-7B-Uncensored.i1-Q4_K_S.gguf","qwen2 7B Q4_K - Small","4449837980","7612756480","2048","512","6","0x0","0","50","q4_0","q8_0","28","0","layer","0","0","1","auto","0.00","none","auto","0","0","0","0","0","0","32","0","2026-10-06T16:19:58Z","659616012","1910561","48.513344","0.140343"
"K q4 / V q8 again","328ff74bd","10757","AMD Ryzen 5 7600X 6-Core Processor","NVIDIA GeForce GTX 1660 Ti","CUDA","/home/wrekt/.lmstudio/models/mradermacher/DeepSeek-R1-Distill-Qwen-7B-Uncensored-i1-GGUF/DeepSeek-R1-Distill-Qwen-7B-Uncensored.i1-Q4_K_S.gguf","qwen2 7B Q4_K - Small","4449837980","7612756480","2048","512","6","0x0","0","50","q4_0","q8_0","28","0","layer","0","0","1","auto","0.00","none","auto","0","0","0","0","0","512","0","8192","2026-10-06T16:20:00Z","1193925879","907060","428.837507","0.325863"
"K q4 / V q8 again","328ff74bd","10757","AMD Ryzen 5 7600X 6-Core Processor","NVIDIA GeForce GTX 1660 Ti","CUDA","/home/wrekt/.lmstudio/models/mradermacher/DeepSeek-R1-Distill-Qwen-7B-Uncensored-i1-GGUF/DeepSeek-R1-Distill-Qwen-7B-Uncensored.i1-Q4_K_S.gguf","qwen2 7B Q4_K - Small","4449837980","7612756480","2048","512","6","0x0","0","50","q4_0","q8_0","28","0","layer","0","0","1","auto","0.00","none","auto","0","0","0","0","0","0","32","8192","2026-10-06T16:20:21Z","898220491","1659263","35.626077","0.065761"
"K q4 / V q8 again","328ff74bd","10757","AMD Ryzen 5 7600X 6-Core Processor","NVIDIA GeForce GTX 1660 Ti","CUDA","/home/wrekt/.lmstudio/models/mradermacher/DeepSeek-R1-Distill-Qwen-7B-Uncensored-i1-GGUF/DeepSeek-R1-Distill-Qwen-7B-Uncensored.i1-Q4_K_S.gguf","qwen2 7B Q4_K - Small","4449837980","7612756480","2048","512","6","0x0","0","50","q4_0","q8_0","28","0","layer","0","0","1","auto","0.00","none","auto","0","0","0","0","0","512","0","15360","2026-10-06T16:20:24Z","1604713276","4103271","319.061506","0.816954"
"K q4 / V q8 again","328ff74bd","10757","AMD Ryzen 5 7600X 6-Core Processor","NVIDIA GeForce GTX 1660 Ti","CUDA","/home/wrekt/.lmstudio/models/mradermacher/DeepSeek-R1-Distill-Qwen-7B-Uncensored-i1-GGUF/DeepSeek-R1-Distill-Qwen-7B-Uncensored.i1-Q4_K_S.gguf","qwen2 7B Q4_K - Small","4449837980","7612756480","2048","512","6","0x0","0","50","q4_0","q8_0","28","0","layer","0","0","1","auto","0.00","none","auto","0","0","0","0","0","0","32","15360","2026-10-06T16:21:05Z","1151747775","35695777","27.801726","0.864791"
