"ngl 28, q8/q8 (shipped)","f40988912","10753","AMD Ryzen 5 7600X 6-Core Processor","NVIDIA GeForce GTX 1660 Ti","CUDA","/home/wrekt/.lmstudio/models/mradermacher/DeepSeek-R1-Distill-Qwen-7B-Uncensored-i1-GGUF/DeepSeek-R1-Distill-Qwen-7B-Uncensored.i1-Q4_K_S.gguf","qwen2 7B Q4_K - Small","4449837980","7612756480","2048","512","6","0x0","0","50","q8_0","q8_0","28","0","layer","0","0","1","auto","0.00","none","auto","0","0","0","0","0","512","0","0","2026-10-06T16:47:30Z","753356613","833306","679.625569","0.751271"
"ngl 28, q8/q8 (shipped)","f40988912","10753","AMD Ryzen 5 7600X 6-Core Processor","NVIDIA GeForce GTX 1660 Ti","CUDA","/home/wrekt/.lmstudio/models/mradermacher/DeepSeek-R1-Distill-Qwen-7B-Uncensored-i1-GGUF/DeepSeek-R1-Distill-Qwen-7B-Uncensored.i1-Q4_K_S.gguf","qwen2 7B Q4_K - Small","4449837980","7612756480","2048","512","6","0x0","0","50","q8_0","q8_0","28","0","layer","0","0","1","auto","0.00","none","auto","0","0","0","0","0","0","32","0","2026-10-06T16:47:33Z","657325890","4654469","48.683714","0.343322"
"ngl 28, q8/q8 (shipped)","f40988912","10753","AMD Ryzen 5 7600X 6-Core Processor","NVIDIA GeForce GTX 1660 Ti","CUDA","/home/wrekt/.lmstudio/models/mradermacher/DeepSeek-R1-Distill-Qwen-7B-Uncensored-i1-GGUF/DeepSeek-R1-Distill-Qwen-7B-Uncensored.i1-Q4_K_S.gguf","qwen2 7B Q4_K - Small","4449837980","7612756480","2048","512","6","0x0","0","50","q8_0","q8_0","28","0","layer","0","0","1","auto","0.00","none","auto","0","0","0","0","0","512","0","8192","2026-10-06T16:47:35Z","1191627374","988831","429.664714","0.356161"
"ngl 28, q8/q8 (shipped)","f40988912","10753","AMD Ryzen 5 7600X 6-Core Processor","NVIDIA GeForce GTX 1660 Ti","CUDA","/home/wrekt/.lmstudio/models/mradermacher/DeepSeek-R1-Distill-Qwen-7B-Uncensored-i1-GGUF/DeepSeek-R1-Distill-Qwen-7B-Uncensored.i1-Q4_K_S.gguf","qwen2 7B Q4_K - Small","4449837980","7612756480","2048","512","6","0x0","0","50","q8_0","q8_0","28","0","layer","0","0","1","auto","0.00","none","auto","0","0","0","0","0","0","32","8192","2026-10-06T16:47:54Z","905397531","2031470","35.343710","0.079329"
"ngl 28, q8/q8 (shipped)","f40988912","10753","AMD Ryzen 5 7600X 6-Core Processor","NVIDIA GeForce GTX 1660 Ti","CUDA","/home/wrekt/.lmstudio/models/mradermacher/DeepSeek-R1-Distill-Qwen-7B-Uncensored-i1-GGUF/DeepSeek-R1-Distill-Qwen-7B-Uncensored.i1-Q4_K_S.gguf","qwen2 7B Q4_K - Small","4449837980","7612756480","2048","512","6","0x0","0","50","q8_0","q8_0","28","0","layer","0","0","1","auto","0.00","none","auto","0","0","0","0","0","512","0","15360","2026-10-06T16:47:57Z","1560480055","1708532","328.104423","0.359087"
"ngl 28, q8/q8 (shipped)","f40988912","10753","AMD Ryzen 5 7600X 6-Core Processor","NVIDIA GeForce GTX 1660 Ti","CUDA","/home/wrekt/.lmstudio/models/mradermacher/DeepSeek-R1-Distill-Qwen-7B-Uncensored-i1-GGUF/DeepSeek-R1-Distill-Qwen-7B-Uncensored.i1-Q4_K_S.gguf","qwen2 7B Q4_K - Small","4449837980","7612756480","2048","512","6","0x0","0","50","q8_0","q8_0","28","0","layer","0","0","1","auto","0.00","none","auto","0","0","0","0","0","0","32","15360","2026-10-06T16:48:37Z","1124788080","2314009","28.449884","0.058599"
"ngl 99, q8/q4, new build","328ff74bd","10757","AMD Ryzen 5 7600X 6-Core Processor","NVIDIA GeForce GTX 1660 Ti","CUDA","/home/wrekt/.lmstudio/models/mradermacher/DeepSeek-R1-Distill-Qwen-7B-Uncensored-i1-GGUF/DeepSeek-R1-Distill-Qwen-7B-Uncensored.i1-Q4_K_S.gguf","qwen2 7B Q4_K - Small","4449837980","7612756480","2048","512","6","0x0","0","50","q8_0","q4_0","99","0","layer","0","0","1","auto","0.00","none","auto","0","0","0","0","0","512","0","0","2026-10-06T16:48:41Z","751216528","1349294","681.562614","1.224461"
"ngl 99, q8/q4, new build","328ff74bd","10757","AMD Ryzen 5 7600X 6-Core Processor","NVIDIA GeForce GTX 1660 Ti","CUDA","/home/wrekt/.lmstudio/models/mradermacher/DeepSeek-R1-Distill-Qwen-7B-Uncensored-i1-GGUF/DeepSeek-R1-Distill-Qwen-7B-Uncensored.i1-Q4_K_S.gguf","qwen2 7B Q4_K - Small","4449837980","7612756480","2048","512","6","0x0","0","50","q8_0","q4_0","99","0","layer","0","0","1","auto","0.00","none","auto","0","0","0","0","0","0","32","0","2026-10-06T16:48:44Z","592905213","1152336","53.971663","0.104758"
"ngl 99, q8/q4, new build","328ff74bd","10757","AMD Ryzen 5 7600X 6-Core Processor","NVIDIA GeForce GTX 1660 Ti","CUDA","/home/wrekt/.lmstudio/models/mradermacher/DeepSeek-R1-Distill-Qwen-7B-Uncensored-i1-GGUF/DeepSeek-R1-Distill-Qwen-7B-Uncensored.i1-Q4_K_S.gguf","qwen2 7B Q4_K - Small","4449837980","7612756480","2048","512","6","0x0","0","50","q8_0","q4_0","99","0","layer","0","0","1","auto","0.00","none","auto","0","0","0","0","0","512","0","8192","2026-10-06T16:48:46Z","1179869416","990780","433.946531","0.363920"
"ngl 99, q8/q4, new build","328ff74bd","10757","AMD Ryzen 5 7600X 6-Core Processor","NVIDIA GeForce GTX 1660 Ti","CUDA","/home/wrekt/.lmstudio/models/mradermacher/DeepSeek-R1-Distill-Qwen-7B-Uncensored-i1-GGUF/DeepSeek-R1-Distill-Qwen-7B-Uncensored.i1-Q4_K_S.gguf","qwen2 7B Q4_K - Small","4449837980","7612756480","2048","512","6","0x0","0","50","q8_0","q4_0","99","0","layer","0","0","1","auto","0.00","none","auto","0","0","0","0","0","0","32","8192","2026-10-06T16:49:06Z","793557535","1002067","40.324781","0.050907"
"ngl 99, q8/q4, new build","328ff74bd","10757","AMD Ryzen 5 7600X 6-Core Processor","NVIDIA GeForce GTX 1660 Ti","CUDA","/home/wrekt/.lmstudio/models/mradermacher/DeepSeek-R1-Distill-Qwen-7B-Uncensored-i1-GGUF/DeepSeek-R1-Distill-Qwen-7B-Uncensored.i1-Q4_K_S.gguf","qwen2 7B Q4_K - Small","4449837980","7612756480","2048","512","6","0x0","0","50","q8_0","q4_0","99","0","layer","0","0","1","auto","0.00","none","auto","0","0","0","0","0","512","0","15360","2026-10-06T16:49:08Z","1556396245","1688340","328.965328","0.356806"
"ngl 99, q8/q4, new build","328ff74bd","10757","AMD Ryzen 5 7600X 6-Core Processor","NVIDIA GeForce GTX 1660 Ti","CUDA","/home/wrekt/.lmstudio/models/mradermacher/DeepSeek-R1-Distill-Qwen-7B-Uncensored-i1-GGUF/DeepSeek-R1-Distill-Qwen-7B-Uncensored.i1-Q4_K_S.gguf","qwen2 7B Q4_K - Small","4449837980","7612756480","2048","512","6","0x0","0","50","q8_0","q4_0","99","0","layer","0","0","1","auto","0.00","none","auto","0","0","0","0","0","0","32","15360","2026-10-06T16:49:48Z","971854334","890919","32.926764","0.030170"
"ngl 28, q8/q8, new build","328ff74bd","10757","AMD Ryzen 5 7600X 6-Core Processor","NVIDIA GeForce GTX 1660 Ti","CUDA","/home/wrekt/.lmstudio/models/mradermacher/DeepSeek-R1-Distill-Qwen-7B-Uncensored-i1-GGUF/DeepSeek-R1-Distill-Qwen-7B-Uncensored.i1-Q4_K_S.gguf","qwen2 7B Q4_K - Small","4449837980","7612756480","2048","512","6","0x0","0","50","q8_0","q8_0","28","0","layer","0","0","1","auto","0.00","none","auto","0","0","0","0","0","512","0","0","2026-10-06T16:49:52Z","764341946","2267384","669.861181","1.983804"
"ngl 28, q8/q8, new build","328ff74bd","10757","AMD Ryzen 5 7600X 6-Core Processor","NVIDIA GeForce GTX 1660 Ti","CUDA","/home/wrekt/.lmstudio/models/mradermacher/DeepSeek-R1-Distill-Qwen-7B-Uncensored-i1-GGUF/DeepSeek-R1-Distill-Qwen-7B-Uncensored.i1-Q4_K_S.gguf","qwen2 7B Q4_K - Small","4449837980","7612756480","2048","512","6","0x0","0","50","q8_0","q8_0","28","0","layer","0","0","1","auto","0.00","none","auto","0","0","0","0","0","0","32","0","2026-10-06T16:49:55Z","662494485","1405851","48.302434","0.102614"
"ngl 28, q8/q8, new build","328ff74bd","10757","AMD Ryzen 5 7600X 6-Core Processor","NVIDIA GeForce GTX 1660 Ti","CUDA","/home/wrekt/.lmstudio/models/mradermacher/DeepSeek-R1-Distill-Qwen-7B-Uncensored-i1-GGUF/DeepSeek-R1-Distill-Qwen-7B-Uncensored.i1-Q4_K_S.gguf","qwen2 7B Q4_K - Small","4449837980","7612756480","2048","512","6","0x0","0","50","q8_0","q8_0","28","0","layer","0","0","1","auto","0.00","none","auto","0","0","0","0","0","512","0","8192","2026-10-06T16:49:57Z","1204549288","1214166","425.055539","0.428325"
"ngl 28, q8/q8, new build","328ff74bd","10757","AMD Ryzen 5 7600X 6-Core Processor","NVIDIA GeForce GTX 1660 Ti","CUDA","/home/wrekt/.lmstudio/models/mradermacher/DeepSeek-R1-Distill-Qwen-7B-Uncensored-i1-GGUF/DeepSeek-R1-Distill-Qwen-7B-Uncensored.i1-Q4_K_S.gguf","qwen2 7B Q4_K - Small","4449837980","7612756480","2048","512","6","0x0","0","50","q8_0","q8_0","28","0","layer","0","0","1","auto","0.00","none","auto","0","0","0","0","0","0","32","8192","2026-10-06T16:50:17Z","914471816","2138301","34.993005","0.081934"
"ngl 28, q8/q8, new build","328ff74bd","10757","AMD Ryzen 5 7600X 6-Core Processor","NVIDIA GeForce GTX 1660 Ti","CUDA","/home/wrekt/.lmstudio/models/mradermacher/DeepSeek-R1-Distill-Qwen-7B-Uncensored-i1-GGUF/DeepSeek-R1-Distill-Qwen-7B-Uncensored.i1-Q4_K_S.gguf","qwen2 7B Q4_K - Small","4449837980","7612756480","2048","512","6","0x0","0","50","q8_0","q8_0","28","0","layer","0","0","1","auto","0.00","none","auto","0","0","0","0","0","512","0","15360","2026-10-06T16:50:20Z","1572695791","1269511","325.555791","0.262528"
"ngl 28, q8/q8, new build","328ff74bd","10757","AMD Ryzen 5 7600X 6-Core Processor","NVIDIA GeForce GTX 1660 Ti","CUDA","/home/wrekt/.lmstudio/models/mradermacher/DeepSeek-R1-Distill-Qwen-7B-Uncensored-i1-GGUF/DeepSeek-R1-Distill-Qwen-7B-Uncensored.i1-Q4_K_S.gguf","qwen2 7B Q4_K - Small","4449837980","7612756480","2048","512","6","0x0","0","50","q8_0","q8_0","28","0","layer","0","0","1","auto","0.00","none","auto","0","0","0","0","0","0","32","15360","2026-10-06T16:51:00Z","1122225340","928982","28.514785","0.023569"
"ngl 28, q8/q8 (shipped) again","f40988912","10753","AMD Ryzen 5 7600X 6-Core Processor","NVIDIA GeForce GTX 1660 Ti","CUDA","/home/wrekt/.lmstudio/models/mradermacher/DeepSeek-R1-Distill-Qwen-7B-Uncensored-i1-GGUF/DeepSeek-R1-Distill-Qwen-7B-Uncensored.i1-Q4_K_S.gguf","qwen2 7B Q4_K - Small","4449837980","7612756480","2048","512","6","0x0","0","50","q8_0","q8_0","28","0","layer","0","0","1","auto","0.00","none","auto","0","0","0","0","0","512","0","0","2026-10-06T16:51:04Z","767272100","2401553","667.303475","2.085518"
"ngl 28, q8/q8 (shipped) again","f40988912","10753","AMD Ryzen 5 7600X 6-Core Processor","NVIDIA GeForce GTX 1660 Ti","CUDA","/home/wrekt/.lmstudio/models/mradermacher/DeepSeek-R1-Distill-Qwen-7B-Uncensored-i1-GGUF/DeepSeek-R1-Distill-Qwen-7B-Uncensored.i1-Q4_K_S.gguf","qwen2 7B Q4_K - Small","4449837980","7612756480","2048","512","6","0x0","0","50","q8_0","q8_0","28","0","layer","0","0","1","auto","0.00","none","auto","0","0","0","0","0","0","32","0","2026-10-06T16:51:07Z","663237684","1824366","48.248406","0.132699"
"ngl 28, q8/q8 (shipped) again","f40988912","10753","AMD Ryzen 5 7600X 6-Core Processor","NVIDIA GeForce GTX 1660 Ti","CUDA","/home/wrekt/.lmstudio/models/mradermacher/DeepSeek-R1-Distill-Qwen-7B-Uncensored-i1-GGUF/DeepSeek-R1-Distill-Qwen-7B-Uncensored.i1-Q4_K_S.gguf","qwen2 7B Q4_K - Small","4449837980","7612756480","2048","512","6","0x0","0","50","q8_0","q8_0","28","0","layer","0","0","1","auto","0.00","none","auto","0","0","0","0","0","512","0","8192","2026-10-06T16:51:09Z","1208105001","1047975","423.804434","0.367200"
"ngl 28, q8/q8 (shipped) again","f40988912","10753","AMD Ryzen 5 7600X 6-Core Processor","NVIDIA GeForce GTX 1660 Ti","CUDA","/home/wrekt/.lmstudio/models/mradermacher/DeepSeek-R1-Distill-Qwen-7B-Uncensored-i1-GGUF/DeepSeek-R1-Distill-Qwen-7B-Uncensored.i1-Q4_K_S.gguf","qwen2 7B Q4_K - Small","4449837980","7612756480","2048","512","6","0x0","0","50","q8_0","q8_0","28","0","layer","0","0","1","auto","0.00","none","auto","0","0","0","0","0","0","32","8192","2026-10-06T16:51:29Z","911828275","1225011","35.094370","0.047102"
"ngl 28, q8/q8 (shipped) again","f40988912","10753","AMD Ryzen 5 7600X 6-Core Processor","NVIDIA GeForce GTX 1660 Ti","CUDA","/home/wrekt/.lmstudio/models/mradermacher/DeepSeek-R1-Distill-Qwen-7B-Uncensored-i1-GGUF/DeepSeek-R1-Distill-Qwen-7B-Uncensored.i1-Q4_K_S.gguf","qwen2 7B Q4_K - Small","4449837980","7612756480","2048","512","6","0x0","0","50","q8_0","q8_0","28","0","layer","0","0","1","auto","0.00","none","auto","0","0","0","0","0","512","0","15360","2026-10-06T16:51:32Z","1570066960","963010","326.100823","0.199608"
"ngl 28, q8/q8 (shipped) again","f40988912","10753","AMD Ryzen 5 7600X 6-Core Processor","NVIDIA GeForce GTX 1660 Ti","CUDA","/home/wrekt/.lmstudio/models/mradermacher/DeepSeek-R1-Distill-Qwen-7B-Uncensored-i1-GGUF/DeepSeek-R1-Distill-Qwen-7B-Uncensored.i1-Q4_K_S.gguf","qwen2 7B Q4_K - Small","4449837980","7612756480","2048","512","6","0x0","0","50","q8_0","q8_0","28","0","layer","0","0","1","auto","0.00","none","auto","0","0","0","0","0","0","32","15360","2026-10-06T16:52:12Z","1128875615","1305244","28.346815","0.032735"
"ngl 99, q8/q4, new build again","328ff74bd","10757","AMD Ryzen 5 7600X 6-Core Processor","NVIDIA GeForce GTX 1660 Ti","CUDA","/home/wrekt/.lmstudio/models/mradermacher/DeepSeek-R1-Distill-Qwen-7B-Uncensored-i1-GGUF/DeepSeek-R1-Distill-Qwen-7B-Uncensored.i1-Q4_K_S.gguf","qwen2 7B Q4_K - Small","4449837980","7612756480","2048","512","6","0x0","0","50","q8_0","q4_0","99","0","layer","0","0","1","auto","0.00","none","auto","0","0","0","0","0","512","0","0","2026-10-06T16:52:17Z","756927795","2177261","676.422275","1.943460"
"ngl 99, q8/q4, new build again","328ff74bd","10757","AMD Ryzen 5 7600X 6-Core Processor","NVIDIA GeForce GTX 1660 Ti","CUDA","/home/wrekt/.lmstudio/models/mradermacher/DeepSeek-R1-Distill-Qwen-7B-Uncensored-i1-GGUF/DeepSeek-R1-Distill-Qwen-7B-Uncensored.i1-Q4_K_S.gguf","qwen2 7B Q4_K - Small","4449837980","7612756480","2048","512","6","0x0","0","50","q8_0","q4_0","99","0","layer","0","0","1","auto","0.00","none","auto","0","0","0","0","0","0","32","0","2026-10-06T16:52:20Z","599582854","710700","53.370489","0.063193"
"ngl 99, q8/q4, new build again","328ff74bd","10757","AMD Ryzen 5 7600X 6-Core Processor","NVIDIA GeForce GTX 1660 Ti","CUDA","/home/wrekt/.lmstudio/models/mradermacher/DeepSeek-R1-Distill-Qwen-7B-Uncensored-i1-GGUF/DeepSeek-R1-Distill-Qwen-7B-Uncensored.i1-Q4_K_S.gguf","qwen2 7B Q4_K - Small","4449837980","7612756480","2048","512","6","0x0","0","50","q8_0","q4_0","99","0","layer","0","0","1","auto","0.00","none","auto","0","0","0","0","0","512","0","8192","2026-10-06T16:52:22Z","1184031286","1220536","432.421312","0.445274"
"ngl 99, q8/q4, new build again","328ff74bd","10757","AMD Ryzen 5 7600X 6-Core Processor","NVIDIA GeForce GTX 1660 Ti","CUDA","/home/wrekt/.lmstudio/models/mradermacher/DeepSeek-R1-Distill-Qwen-7B-Uncensored-i1-GGUF/DeepSeek-R1-Distill-Qwen-7B-Uncensored.i1-Q4_K_S.gguf","qwen2 7B Q4_K - Small","4449837980","7612756480","2048","512","6","0x0","0","50","q8_0","q4_0","99","0","layer","0","0","1","auto","0.00","none","auto","0","0","0","0","0","0","32","8192","2026-10-06T16:52:41Z","795503991","1390421","40.226153","0.070224"
"ngl 99, q8/q4, new build again","328ff74bd","10757","AMD Ryzen 5 7600X 6-Core Processor","NVIDIA GeForce GTX 1660 Ti","CUDA","/home/wrekt/.lmstudio/models/mradermacher/DeepSeek-R1-Distill-Qwen-7B-Uncensored-i1-GGUF/DeepSeek-R1-Distill-Qwen-7B-Uncensored.i1-Q4_K_S.gguf","qwen2 7B Q4_K - Small","4449837980","7612756480","2048","512","6","0x0","0","50","q8_0","q4_0","99","0","layer","0","0","1","auto","0.00","none","auto","0","0","0","0","0","512","0","15360","2026-10-06T16:52:44Z","1561088209","1702300","327.976601","0.357328"
"ngl 99, q8/q4, new build again","328ff74bd","10757","AMD Ryzen 5 7600X 6-Core Processor","NVIDIA GeForce GTX 1660 Ti","CUDA","/home/wrekt/.lmstudio/models/mradermacher/DeepSeek-R1-Distill-Qwen-7B-Uncensored-i1-GGUF/DeepSeek-R1-Distill-Qwen-7B-Uncensored.i1-Q4_K_S.gguf","qwen2 7B Q4_K - Small","4449837980","7612756480","2048","512","6","0x0","0","50","q8_0","q4_0","99","0","layer","0","0","1","auto","0.00","none","auto","0","0","0","0","0","0","32","15360","2026-10-06T16:53:24Z","974693888","1496481","32.830872","0.050344"
