"graphs on (current)","f40988912","10753","AMD Ryzen 5 7600X 6-Core Processor","NVIDIA GeForce GTX 1660 Ti","CUDA","/home/wrekt/odysseus-local/models/deepseek-coder-1.3b-base-Q8_0.gguf","llama ?B Q8_0","1430921216","1346471936","2048","512","6","0x0","0","50","f16","f16","99","0","layer","0","0","1","auto","0.00","none","auto","0","0","0","0","0","512","0","0","2026-10-06T06:31:16Z","173355621","6352040","2956.062241","106.270418"
"graphs on (current)","f40988912","10753","AMD Ryzen 5 7600X 6-Core Processor","NVIDIA GeForce GTX 1660 Ti","CUDA","/home/wrekt/odysseus-local/models/deepseek-coder-1.3b-base-Q8_0.gguf","llama ?B Q8_0","1430921216","1346471936","2048","512","6","0x0","0","50","f16","f16","99","0","layer","0","0","1","auto","0.00","none","auto","0","0","0","0","0","0","128","0","2026-10-06T06:31:16Z","879647179","54566310","145.874801","8.752049"
"graphs on + GRAPH_OPT","f40988912","10753","AMD Ryzen 5 7600X 6-Core Processor","NVIDIA GeForce GTX 1660 Ti","CUDA","/home/wrekt/odysseus-local/models/deepseek-coder-1.3b-base-Q8_0.gguf","llama ?B Q8_0","1430921216","1346471936","2048","512","6","0x0","0","50","f16","f16","99","0","layer","0","0","1","auto","0.00","none","auto","0","0","0","0","0","512","0","0","2026-10-06T06:31:19Z","168008685","1491410","3047.621173","26.984523"
"graphs on + GRAPH_OPT","f40988912","10753","AMD Ryzen 5 7600X 6-Core Processor","NVIDIA GeForce GTX 1660 Ti","CUDA","/home/wrekt/odysseus-local/models/deepseek-coder-1.3b-base-Q8_0.gguf","llama ?B Q8_0","1430921216","1346471936","2048","512","6","0x0","0","50","f16","f16","99","0","layer","0","0","1","auto","0.00","none","auto","0","0","0","0","0","0","128","0","2026-10-06T06:31:20Z","832010412","1256258","153.844462","0.232302"
"graphs off","cf14ecd26","10754","AMD Ryzen 5 7600X 6-Core Processor","NVIDIA GeForce GTX 1660 Ti","CUDA","/home/wrekt/odysseus-local/models/deepseek-coder-1.3b-base-Q8_0.gguf","llama ?B Q8_0","1430921216","1346471936","2048","512","6","0x0","0","50","f16","f16","99","0","layer","0","0","1","auto","0.00","none","auto","0","0","0","0","0","512","0","0","2026-10-06T06:31:23Z","169214485","2090888","3026.055873","37.653531"
"graphs off","cf14ecd26","10754","AMD Ryzen 5 7600X 6-Core Processor","NVIDIA GeForce GTX 1660 Ti","CUDA","/home/wrekt/odysseus-local/models/deepseek-coder-1.3b-base-Q8_0.gguf","llama ?B Q8_0","1430921216","1346471936","2048","512","6","0x0","0","50","f16","f16","99","0","layer","0","0","1","auto","0.00","none","auto","0","0","0","0","0","0","128","0","2026-10-06T06:31:24Z","872592497","24720198","146.766874","4.106543"
"graphs on again","f40988912","10753","AMD Ryzen 5 7600X 6-Core Processor","NVIDIA GeForce GTX 1660 Ti","CUDA","/home/wrekt/odysseus-local/models/deepseek-coder-1.3b-base-Q8_0.gguf","llama ?B Q8_0","1430921216","1346471936","2048","512","6","0x0","0","50","f16","f16","99","0","layer","0","0","1","auto","0.00","none","auto","0","0","0","0","0","512","0","0","2026-10-06T06:31:27Z","182218716","11228992","2816.809169","170.442310"
"graphs on again","f40988912","10753","AMD Ryzen 5 7600X 6-Core Processor","NVIDIA GeForce GTX 1660 Ti","CUDA","/home/wrekt/odysseus-local/models/deepseek-coder-1.3b-base-Q8_0.gguf","llama ?B Q8_0","1430921216","1346471936","2048","512","6","0x0","0","50","f16","f16","99","0","layer","0","0","1","auto","0.00","none","auto","0","0","0","0","0","0","128","0","2026-10-06T06:31:27Z","848779220","17307077","150.846149","3.040082"
"graphs on + GRAPH_OPT again","f40988912","10753","AMD Ryzen 5 7600X 6-Core Processor","NVIDIA GeForce GTX 1660 Ti","CUDA","/home/wrekt/odysseus-local/models/deepseek-coder-1.3b-base-Q8_0.gguf","llama ?B Q8_0","1430921216","1346471936","2048","512","6","0x0","0","50","f16","f16","99","0","layer","0","0","1","auto","0.00","none","auto","0","0","0","0","0","512","0","0","2026-10-06T06:31:30Z","168438275","1514321","3039.852163","27.195035"
"graphs on + GRAPH_OPT again","f40988912","10753","AMD Ryzen 5 7600X 6-Core Processor","NVIDIA GeForce GTX 1660 Ti","CUDA","/home/wrekt/odysseus-local/models/deepseek-coder-1.3b-base-Q8_0.gguf","llama ?B Q8_0","1430921216","1346471936","2048","512","6","0x0","0","50","f16","f16","99","0","layer","0","0","1","auto","0.00","none","auto","0","0","0","0","0","0","128","0","2026-10-06T06:31:31Z","834943855","948245","153.303853","0.174006"
"graphs off again","cf14ecd26","10754","AMD Ryzen 5 7600X 6-Core Processor","NVIDIA GeForce GTX 1660 Ti","CUDA","/home/wrekt/odysseus-local/models/deepseek-coder-1.3b-base-Q8_0.gguf","llama ?B Q8_0","1430921216","1346471936","2048","512","6","0x0","0","50","f16","f16","99","0","layer","0","0","1","auto","0.00","none","auto","0","0","0","0","0","512","0","0","2026-10-06T06:31:34Z","168292804","778211","3042.359954","14.050374"
"graphs off again","cf14ecd26","10754","AMD Ryzen 5 7600X 6-Core Processor","NVIDIA GeForce GTX 1660 Ti","CUDA","/home/wrekt/odysseus-local/models/deepseek-coder-1.3b-base-Q8_0.gguf","llama ?B Q8_0","1430921216","1346471936","2048","512","6","0x0","0","50","f16","f16","99","0","layer","0","0","1","auto","0.00","none","auto","0","0","0","0","0","0","128","0","2026-10-06T06:31:35Z","855591878","18475453","149.650538","3.230331"
