9B C q8/q8 ub512,16384,ok,,631,5055,3858,322,144,2788,0,31.3,28.9,487.2,3/3,16076,39
9B C q8/q8 ub512,20480,ok,,621,5137,3858,390,164,2788,0,31.7,27.6,472.9,3/3,19963,48
9B C q8/q8 ub512,24576,ok,,625,5226,3858,458,184,2788,0,31.4,27.4,456.1,3/3,23991,58
9B C q8/q8 ub512,32768,ok,,618,5400,3858,594,224,2788,0,31.7,25.9,426.0,3/3,32464,82
9B C q8/q8 ub512,40960,ok,,617,5666,3858,730,264,2788,0,31.5,23.0,400.7,3/3,40453,107
9B C q8/q8 ub512,49152,ok,,557,5749,3858,866,304,2788,0,29.2,22.3,370.1,3/3,48578,138
9B C q8/q8 ub512,65536,fail,allocation,504,4436,,,,,,,,,,,2
9B C q8/q4 ub512,16384,ok,,504,4866,3858,258,144,2788,0,29.2,26.3,471.2,3/3,16076,40
9B C q8/q4 ub512,20480,ok,,504,4938,3858,310,164,2788,0,29.3,25.4,458.0,3/3,19963,50
9B C q8/q4 ub512,24576,ok,,504,5010,3858,362,184,2788,0,29.1,25.1,443.9,3/3,23991,60
9B C q8/q4 ub512,32768,ok,,504,5255,3858,466,224,2788,0,28.9,23.8,414.3,3/3,32464,85
9B C q8/q4 ub512,40960,ok,,527,5332,3858,570,264,2788,0,29.7,22.3,395.4,3/3,40453,109
9B C q8/q4 ub512,49152,ok,,564,5567,3858,674,304,2788,0,27.9,21.7,363.8,3/3,48578,140
9B C q8/q4 ub512,65536,fail,allocation,534,4467,,,,,,,,,,,2
9B C q4/q4 ub512,16384,ok,,556,4848,3858,194,144,2788,0,29.8,26.6,472.5,3/3,16076,40
9B C q4/q4 ub512,20480,ok,,533,4888,3858,230,164,2788,0,29.6,26.2,460.1,3/3,19963,49
9B C q4/q4 ub512,24576,ok,,540,5018,3858,266,184,2788,0,29.7,25.1,444.2,3/3,23991,60
9B C q4/q4 ub512,32768,ok,,534,5071,3858,338,224,2788,0,29.0,24.1,415.6,3/3,32464,85
9B C q4/q4 ub512,40960,ok,,531,5166,3858,410,264,2788,0,29.4,23.0,394.8,3/3,40453,109
9B C q4/q4 ub512,49152,ok,,532,5278,3858,482,304,2788,0,29.6,22.1,374.4,3/3,48578,136
9B C q4/q4 ub512,65536,ok,,531,5502,3858,626,384,2788,0,29.2,19.8,337.9,3/3,65297,200
9B C q4/q4 ub512,81920,fail,allocation,531,4463,,,,,,,,,,,2
9B C q4/q4 ub128,16384,ok,,531,4776,3858,194,84,2788,0,28.7,27.6,383.5,3/3,16076,48
9B C q4/q4 ub128,20480,ok,,531,4828,3858,230,101,2788,0,31.6,27.1,376.3,3/3,19963,59
9B C q4/q4 ub128,24576,ok,,527,4879,3858,266,118,2788,0,30.7,25.4,362.3,3/3,23991,72
9B C q4/q4 ub128,32768,ok,,527,4983,3858,338,152,2788,0,29.7,25.9,344.7,3/3,32464,100
9B C q4/q4 ub128,40960,ok,,526,5266,3858,410,186,2788,0,31.8,23.1,323.3,3/3,40453,131
9B C q4/q4 ub128,49152,ok,,539,5291,3858,482,220,2788,0,29.2,22.1,305.2,3/3,48578,166
9B C q4/q4 ub128,65536,ok,,539,5475,3858,626,288,2788,0,29.3,20.3,275.4,3/3,65297,244
9B C q4/q4 ub128,81920,ok,,541,5700,3858,770,356,2788,0,29.5,18.9,252.1,3/3,81487,330
9B C q4/q4 ub128,98304,fail,allocation,514,4446,,,,,,,,,,,2
