f16,nkvo0,"155d646a0","10750","AMD Ryzen 5 7600X 6-Core Processor","NVIDIA GeForce GTX 1660 Ti","CUDA","/home/wrekt/.lmstudio/models/mradermacher/DeepSeek-R1-Distill-Qwen-7B-Uncensored-i1-GGUF/DeepSeek-R1-Distill-Qwen-7B-Uncensored.i1-Q4_K_S.gguf","qwen2 7B Q4_K - Small","4449837980","7612756480","2048","512","6","0x0","0","50","f16","f16","99","0","layer","0","0","1","auto","0.00","none","auto","0","0","0","0","0","512","0","0","2026-10-06T03:36:31Z","3003938769","0","170.442888","0.000000"
f16,nkvo0,"155d646a0","10750","AMD Ryzen 5 7600X 6-Core Processor","NVIDIA GeForce GTX 1660 Ti","CUDA","/home/wrekt/.lmstudio/models/mradermacher/DeepSeek-R1-Distill-Qwen-7B-Uncensored-i1-GGUF/DeepSeek-R1-Distill-Qwen-7B-Uncensored.i1-Q4_K_S.gguf","qwen2 7B Q4_K - Small","4449837980","7612756480","2048","512","6","0x0","0","50","f16","f16","99","0","layer","0","0","1","auto","0.00","none","auto","0","0","0","0","0","0","32","0","2026-10-06T03:36:37Z","573696488","0","55.778623","0.000000"
f16,nkvo0,"155d646a0","10750","AMD Ryzen 5 7600X 6-Core Processor","NVIDIA GeForce GTX 1660 Ti","CUDA","/home/wrekt/.lmstudio/models/mradermacher/DeepSeek-R1-Distill-Qwen-7B-Uncensored-i1-GGUF/DeepSeek-R1-Distill-Qwen-7B-Uncensored.i1-Q4_K_S.gguf","qwen2 7B Q4_K - Small","4449837980","7612756480","2048","512","6","0x0","0","50","f16","f16","99","0","layer","0","0","1","auto","0.00","none","auto","0","0","0","0","0","512","0","8192","2026-10-06T03:36:37Z","4674830897","0","109.522678","0.000000"
f16,nkvo0,"155d646a0","10750","AMD Ryzen 5 7600X 6-Core Processor","NVIDIA GeForce GTX 1660 Ti","CUDA","/home/wrekt/.lmstudio/models/mradermacher/DeepSeek-R1-Distill-Qwen-7B-Uncensored-i1-GGUF/DeepSeek-R1-Distill-Qwen-7B-Uncensored.i1-Q4_K_S.gguf","qwen2 7B Q4_K - Small","4449837980","7612756480","2048","512","6","0x0","0","50","f16","f16","99","0","layer","0","0","1","auto","0.00","none","auto","0","0","0","0","0","0","32","8192","2026-10-06T03:37:46Z","710352968","0","45.048027","0.000000"
f16,nkvo1,"155d646a0","10750","AMD Ryzen 5 7600X 6-Core Processor","NVIDIA GeForce GTX 1660 Ti","CUDA","/home/wrekt/.lmstudio/models/mradermacher/DeepSeek-R1-Distill-Qwen-7B-Uncensored-i1-GGUF/DeepSeek-R1-Distill-Qwen-7B-Uncensored.i1-Q4_K_S.gguf","qwen2 7B Q4_K - Small","4449837980","7612756480","2048","512","6","0x0","0","50","f16","f16","99","0","layer","0","1","1","auto","0.00","none","auto","0","0","0","0","0","512","0","0","2026-10-06T03:37:47Z","3025067425","0","169.252426","0.000000"
f16,nkvo1,"155d646a0","10750","AMD Ryzen 5 7600X 6-Core Processor","NVIDIA GeForce GTX 1660 Ti","CUDA","/home/wrekt/.lmstudio/models/mradermacher/DeepSeek-R1-Distill-Qwen-7B-Uncensored-i1-GGUF/DeepSeek-R1-Distill-Qwen-7B-Uncensored.i1-Q4_K_S.gguf","qwen2 7B Q4_K - Small","4449837980","7612756480","2048","512","6","0x0","0","50","f16","f16","99","0","layer","0","1","1","auto","0.00","none","auto","0","0","0","0","0","0","32","0","2026-10-06T03:37:53Z","667180268","0","47.963049","0.000000"
f16,nkvo1,"155d646a0","10750","AMD Ryzen 5 7600X 6-Core Processor","NVIDIA GeForce GTX 1660 Ti","CUDA","/home/wrekt/.lmstudio/models/mradermacher/DeepSeek-R1-Distill-Qwen-7B-Uncensored-i1-GGUF/DeepSeek-R1-Distill-Qwen-7B-Uncensored.i1-Q4_K_S.gguf","qwen2 7B Q4_K - Small","4449837980","7612756480","2048","512","6","0x0","0","50","f16","f16","99","0","layer","0","1","1","auto","0.00","none","auto","0","0","0","0","0","512","0","8192","2026-10-06T03:37:54Z","4817548416","0","106.278122","0.000000"
f16,nkvo1,"155d646a0","10750","AMD Ryzen 5 7600X 6-Core Processor","NVIDIA GeForce GTX 1660 Ti","CUDA","/home/wrekt/.lmstudio/models/mradermacher/DeepSeek-R1-Distill-Qwen-7B-Uncensored-i1-GGUF/DeepSeek-R1-Distill-Qwen-7B-Uncensored.i1-Q4_K_S.gguf","qwen2 7B Q4_K - Small","4449837980","7612756480","2048","512","6","0x0","0","50","f16","f16","99","0","layer","0","1","1","auto","0.00","none","auto","0","0","0","0","0","0","32","8192","2026-10-06T03:39:03Z","2008954513","0","15.928683","0.000000"
f16,nkvo1,"155d646a0","10750","AMD Ryzen 5 7600X 6-Core Processor","NVIDIA GeForce GTX 1660 Ti","CUDA","/home/wrekt/.lmstudio/models/mradermacher/DeepSeek-R1-Distill-Qwen-7B-Uncensored-i1-GGUF/DeepSeek-R1-Distill-Qwen-7B-Uncensored.i1-Q4_K_S.gguf","qwen2 7B Q4_K - Small","4449837980","7612756480","2048","512","6","0x0","0","50","f16","f16","99","0","layer","0","1","1","auto","0.00","none","auto","0","0","0","0","0","512","0","16384","2026-10-06T03:39:06Z","6436638682","0","79.544623","0.000000"
f16,nkvo1,"155d646a0","10750","AMD Ryzen 5 7600X 6-Core Processor","NVIDIA GeForce GTX 1660 Ti","CUDA","/home/wrekt/.lmstudio/models/mradermacher/DeepSeek-R1-Distill-Qwen-7B-Uncensored-i1-GGUF/DeepSeek-R1-Distill-Qwen-7B-Uncensored.i1-Q4_K_S.gguf","qwen2 7B Q4_K - Small","4449837980","7612756480","2048","512","6","0x0","0","50","f16","f16","99","0","layer","0","1","1","auto","0.00","none","auto","0","0","0","0","0","0","32","16384","2026-10-06T03:41:51Z","3326438053","0","9.619900","0.000000"
q8_0,nkvo0,"155d646a0","10750","AMD Ryzen 5 7600X 6-Core Processor","NVIDIA GeForce GTX 1660 Ti","CUDA","/home/wrekt/.lmstudio/models/mradermacher/DeepSeek-R1-Distill-Qwen-7B-Uncensored-i1-GGUF/DeepSeek-R1-Distill-Qwen-7B-Uncensored.i1-Q4_K_S.gguf","qwen2 7B Q4_K - Small","4449837980","7612756480","2048","512","6","0x0","0","50","q8_0","q8_0","99","0","layer","0","0","1","auto","0.00","none","auto","0","0","0","0","0","512","0","0","2026-10-06T03:41:56Z","3263455483","0","156.888918","0.000000"
q8_0,nkvo0,"155d646a0","10750","AMD Ryzen 5 7600X 6-Core Processor","NVIDIA GeForce GTX 1660 Ti","CUDA","/home/wrekt/.lmstudio/models/mradermacher/DeepSeek-R1-Distill-Qwen-7B-Uncensored-i1-GGUF/DeepSeek-R1-Distill-Qwen-7B-Uncensored.i1-Q4_K_S.gguf","qwen2 7B Q4_K - Small","4449837980","7612756480","2048","512","6","0x0","0","50","q8_0","q8_0","99","0","layer","0","0","1","auto","0.00","none","auto","0","0","0","0","0","0","32","0","2026-10-06T03:42:02Z","646575678","0","49.491500","0.000000"
q8_0,nkvo0,"155d646a0","10750","AMD Ryzen 5 7600X 6-Core Processor","NVIDIA GeForce GTX 1660 Ti","CUDA","/home/wrekt/.lmstudio/models/mradermacher/DeepSeek-R1-Distill-Qwen-7B-Uncensored-i1-GGUF/DeepSeek-R1-Distill-Qwen-7B-Uncensored.i1-Q4_K_S.gguf","qwen2 7B Q4_K - Small","4449837980","7612756480","2048","512","6","0x0","0","50","q8_0","q8_0","99","0","layer","0","0","1","auto","0.00","none","auto","0","0","0","0","0","512","0","8192","2026-10-06T03:42:03Z","5144093417","0","99.531629","0.000000"
q8_0,nkvo0,"155d646a0","10750","AMD Ryzen 5 7600X 6-Core Processor","NVIDIA GeForce GTX 1660 Ti","CUDA","/home/wrekt/.lmstudio/models/mradermacher/DeepSeek-R1-Distill-Qwen-7B-Uncensored-i1-GGUF/DeepSeek-R1-Distill-Qwen-7B-Uncensored.i1-Q4_K_S.gguf","qwen2 7B Q4_K - Small","4449837980","7612756480","2048","512","6","0x0","0","50","q8_0","q8_0","99","0","layer","0","0","1","auto","0.00","none","auto","0","0","0","0","0","0","32","8192","2026-10-06T03:43:14Z","942127643","0","33.965674","0.000000"
q8_0,nkvo1,"155d646a0","10750","AMD Ryzen 5 7600X 6-Core Processor","NVIDIA GeForce GTX 1660 Ti","CUDA","/home/wrekt/.lmstudio/models/mradermacher/DeepSeek-R1-Distill-Qwen-7B-Uncensored-i1-GGUF/DeepSeek-R1-Distill-Qwen-7B-Uncensored.i1-Q4_K_S.gguf","qwen2 7B Q4_K - Small","4449837980","7612756480","2048","512","6","0x0","0","50","q8_0","q8_0","99","0","layer","0","1","1","auto","0.00","none","auto","0","0","0","0","0","512","0","0","2026-10-06T03:43:19Z","2984003869","0","171.581547","0.000000"
q8_0,nkvo1,"155d646a0","10750","AMD Ryzen 5 7600X 6-Core Processor","NVIDIA GeForce GTX 1660 Ti","CUDA","/home/wrekt/.lmstudio/models/mradermacher/DeepSeek-R1-Distill-Qwen-7B-Uncensored-i1-GGUF/DeepSeek-R1-Distill-Qwen-7B-Uncensored.i1-Q4_K_S.gguf","qwen2 7B Q4_K - Small","4449837980","7612756480","2048","512","6","0x0","0","50","q8_0","q8_0","99","0","layer","0","1","1","auto","0.00","none","auto","0","0","0","0","0","0","32","0","2026-10-06T03:43:25Z","627946731","0","50.959737","0.000000"
q8_0,nkvo1,"155d646a0","10750","AMD Ryzen 5 7600X 6-Core Processor","NVIDIA GeForce GTX 1660 Ti","CUDA","/home/wrekt/.lmstudio/models/mradermacher/DeepSeek-R1-Distill-Qwen-7B-Uncensored-i1-GGUF/DeepSeek-R1-Distill-Qwen-7B-Uncensored.i1-Q4_K_S.gguf","qwen2 7B Q4_K - Small","4449837980","7612756480","2048","512","6","0x0","0","50","q8_0","q8_0","99","0","layer","0","1","1","auto","0.00","none","auto","0","0","0","0","0","512","0","8192","2026-10-06T03:43:26Z","4684471578","0","109.297280","0.000000"
q8_0,nkvo1,"155d646a0","10750","AMD Ryzen 5 7600X 6-Core Processor","NVIDIA GeForce GTX 1660 Ti","CUDA","/home/wrekt/.lmstudio/models/mradermacher/DeepSeek-R1-Distill-Qwen-7B-Uncensored-i1-GGUF/DeepSeek-R1-Distill-Qwen-7B-Uncensored.i1-Q4_K_S.gguf","qwen2 7B Q4_K - Small","4449837980","7612756480","2048","512","6","0x0","0","50","q8_0","q8_0","99","0","layer","0","1","1","auto","0.00","none","auto","0","0","0","0","0","0","32","8192","2026-10-06T03:44:37Z","1536544004","0","20.825957","0.000000"
q8_0,nkvo1,"155d646a0","10750","AMD Ryzen 5 7600X 6-Core Processor","NVIDIA GeForce GTX 1660 Ti","CUDA","/home/wrekt/.lmstudio/models/mradermacher/DeepSeek-R1-Distill-Qwen-7B-Uncensored-i1-GGUF/DeepSeek-R1-Distill-Qwen-7B-Uncensored.i1-Q4_K_S.gguf","qwen2 7B Q4_K - Small","4449837980","7612756480","2048","512","6","0x0","0","50","q8_0","q8_0","99","0","layer","0","1","1","auto","0.00","none","auto","0","0","0","0","0","512","0","16384","2026-10-06T03:44:38Z","6385763721","0","80.178350","0.000000"
q8_0,nkvo1,"155d646a0","10750","AMD Ryzen 5 7600X 6-Core Processor","NVIDIA GeForce GTX 1660 Ti","CUDA","/home/wrekt/.lmstudio/models/mradermacher/DeepSeek-R1-Distill-Qwen-7B-Uncensored-i1-GGUF/DeepSeek-R1-Distill-Qwen-7B-Uncensored.i1-Q4_K_S.gguf","qwen2 7B Q4_K - Small","4449837980","7612756480","2048","512","6","0x0","0","50","q8_0","q8_0","99","0","layer","0","1","1","auto","0.00","none","auto","0","0","0","0","0","0","32","16384","2026-10-06T03:47:19Z","2374489932","0","13.476579","0.000000"
q4_0,nkvo0,"155d646a0","10750","AMD Ryzen 5 7600X 6-Core Processor","NVIDIA GeForce GTX 1660 Ti","CUDA","/home/wrekt/.lmstudio/models/mradermacher/DeepSeek-R1-Distill-Qwen-7B-Uncensored-i1-GGUF/DeepSeek-R1-Distill-Qwen-7B-Uncensored.i1-Q4_K_S.gguf","qwen2 7B Q4_K - Small","4449837980","7612756480","2048","512","6","0x0","0","50","q4_0","q4_0","99","0","layer","0","0","1","auto","0.00","none","auto","0","0","0","0","0","512","0","0","2026-10-06T03:47:22Z","3116740847","0","164.274165","0.000000"
q4_0,nkvo0,"155d646a0","10750","AMD Ryzen 5 7600X 6-Core Processor","NVIDIA GeForce GTX 1660 Ti","CUDA","/home/wrekt/.lmstudio/models/mradermacher/DeepSeek-R1-Distill-Qwen-7B-Uncensored-i1-GGUF/DeepSeek-R1-Distill-Qwen-7B-Uncensored.i1-Q4_K_S.gguf","qwen2 7B Q4_K - Small","4449837980","7612756480","2048","512","6","0x0","0","50","q4_0","q4_0","99","0","layer","0","0","1","auto","0.00","none","auto","0","0","0","0","0","0","32","0","2026-10-06T03:47:28Z","590318680","0","54.208008","0.000000"
q4_0,nkvo0,"155d646a0","10750","AMD Ryzen 5 7600X 6-Core Processor","NVIDIA GeForce GTX 1660 Ti","CUDA","/home/wrekt/.lmstudio/models/mradermacher/DeepSeek-R1-Distill-Qwen-7B-Uncensored-i1-GGUF/DeepSeek-R1-Distill-Qwen-7B-Uncensored.i1-Q4_K_S.gguf","qwen2 7B Q4_K - Small","4449837980","7612756480","2048","512","6","0x0","0","50","q4_0","q4_0","99","0","layer","0","0","1","auto","0.00","none","auto","0","0","0","0","0","512","0","8192","2026-10-06T03:47:29Z","5072184063","0","100.942709","0.000000"
q4_0,nkvo0,"155d646a0","10750","AMD Ryzen 5 7600X 6-Core Processor","NVIDIA GeForce GTX 1660 Ti","CUDA","/home/wrekt/.lmstudio/models/mradermacher/DeepSeek-R1-Distill-Qwen-7B-Uncensored-i1-GGUF/DeepSeek-R1-Distill-Qwen-7B-Uncensored.i1-Q4_K_S.gguf","qwen2 7B Q4_K - Small","4449837980","7612756480","2048","512","6","0x0","0","50","q4_0","q4_0","99","0","layer","0","0","1","auto","0.00","none","auto","0","0","0","0","0","0","32","8192","2026-10-06T03:48:38Z","846246035","0","37.814062","0.000000"
q4_0,nkvo0,"155d646a0","10750","AMD Ryzen 5 7600X 6-Core Processor","NVIDIA GeForce GTX 1660 Ti","CUDA","/home/wrekt/.lmstudio/models/mradermacher/DeepSeek-R1-Distill-Qwen-7B-Uncensored-i1-GGUF/DeepSeek-R1-Distill-Qwen-7B-Uncensored.i1-Q4_K_S.gguf","qwen2 7B Q4_K - Small","4449837980","7612756480","2048","512","6","0x0","0","50","q4_0","q4_0","99","0","layer","0","0","1","auto","0.00","none","auto","0","0","0","0","0","512","0","16384","2026-10-06T03:48:39Z","6337865281","0","80.784298","0.000000"
q4_0,nkvo0,"155d646a0","10750","AMD Ryzen 5 7600X 6-Core Processor","NVIDIA GeForce GTX 1660 Ti","CUDA","/home/wrekt/.lmstudio/models/mradermacher/DeepSeek-R1-Distill-Qwen-7B-Uncensored-i1-GGUF/DeepSeek-R1-Distill-Qwen-7B-Uncensored.i1-Q4_K_S.gguf","qwen2 7B Q4_K - Small","4449837980","7612756480","2048","512","6","0x0","0","50","q4_0","q4_0","99","0","layer","0","0","1","auto","0.00","none","auto","0","0","0","0","0","0","32","16384","2026-10-06T03:51:18Z","1016220337","0","31.489234","0.000000"
q4_0,nkvo1,"155d646a0","10750","AMD Ryzen 5 7600X 6-Core Processor","NVIDIA GeForce GTX 1660 Ti","CUDA","/home/wrekt/.lmstudio/models/mradermacher/DeepSeek-R1-Distill-Qwen-7B-Uncensored-i1-GGUF/DeepSeek-R1-Distill-Qwen-7B-Uncensored.i1-Q4_K_S.gguf","qwen2 7B Q4_K - Small","4449837980","7612756480","2048","512","6","0x0","0","50","q4_0","q4_0","99","0","layer","0","1","1","auto","0.00","none","auto","0","0","0","0","0","512","0","0","2026-10-06T03:51:20Z","2985470537","0","171.497254","0.000000"
q4_0,nkvo1,"155d646a0","10750","AMD Ryzen 5 7600X 6-Core Processor","NVIDIA GeForce GTX 1660 Ti","CUDA","/home/wrekt/.lmstudio/models/mradermacher/DeepSeek-R1-Distill-Qwen-7B-Uncensored-i1-GGUF/DeepSeek-R1-Distill-Qwen-7B-Uncensored.i1-Q4_K_S.gguf","qwen2 7B Q4_K - Small","4449837980","7612756480","2048","512","6","0x0","0","50","q4_0","q4_0","99","0","layer","0","1","1","auto","0.00","none","auto","0","0","0","0","0","0","32","0","2026-10-06T03:51:26Z","669054950","0","47.828657","0.000000"
q4_0,nkvo1,"155d646a0","10750","AMD Ryzen 5 7600X 6-Core Processor","NVIDIA GeForce GTX 1660 Ti","CUDA","/home/wrekt/.lmstudio/models/mradermacher/DeepSeek-R1-Distill-Qwen-7B-Uncensored-i1-GGUF/DeepSeek-R1-Distill-Qwen-7B-Uncensored.i1-Q4_K_S.gguf","qwen2 7B Q4_K - Small","4449837980","7612756480","2048","512","6","0x0","0","50","q4_0","q4_0","99","0","layer","0","1","1","auto","0.00","none","auto","0","0","0","0","0","512","0","8192","2026-10-06T03:51:27Z","4684148605","0","109.304816","0.000000"
q4_0,nkvo1,"155d646a0","10750","AMD Ryzen 5 7600X 6-Core Processor","NVIDIA GeForce GTX 1660 Ti","CUDA","/home/wrekt/.lmstudio/models/mradermacher/DeepSeek-R1-Distill-Qwen-7B-Uncensored-i1-GGUF/DeepSeek-R1-Distill-Qwen-7B-Uncensored.i1-Q4_K_S.gguf","qwen2 7B Q4_K - Small","4449837980","7612756480","2048","512","6","0x0","0","50","q4_0","q4_0","99","0","layer","0","1","1","auto","0.00","none","auto","0","0","0","0","0","0","32","8192","2026-10-06T03:52:36Z","1247462140","0","25.652081","0.000000"
q4_0,nkvo1,"155d646a0","10750","AMD Ryzen 5 7600X 6-Core Processor","NVIDIA GeForce GTX 1660 Ti","CUDA","/home/wrekt/.lmstudio/models/mradermacher/DeepSeek-R1-Distill-Qwen-7B-Uncensored-i1-GGUF/DeepSeek-R1-Distill-Qwen-7B-Uncensored.i1-Q4_K_S.gguf","qwen2 7B Q4_K - Small","4449837980","7612756480","2048","512","6","0x0","0","50","q4_0","q4_0","99","0","layer","0","1","1","auto","0.00","none","auto","0","0","0","0","0","512","0","16384","2026-10-06T03:52:37Z","6410831484","0","79.864835","0.000000"
q4_0,nkvo1,"155d646a0","10750","AMD Ryzen 5 7600X 6-Core Processor","NVIDIA GeForce GTX 1660 Ti","CUDA","/home/wrekt/.lmstudio/models/mradermacher/DeepSeek-R1-Distill-Qwen-7B-Uncensored-i1-GGUF/DeepSeek-R1-Distill-Qwen-7B-Uncensored.i1-Q4_K_S.gguf","qwen2 7B Q4_K - Small","4449837980","7612756480","2048","512","6","0x0","0","50","q4_0","q4_0","99","0","layer","0","1","1","auto","0.00","none","auto","0","0","0","0","0","0","32","16384","2026-10-06T03:55:15Z","1810811685","0","17.671633","0.000000"
