"base ngl25",0,128,0,49,0,3,26.9035,0.3215
"base ngl25",0,128,8192,8201,0,3,21.6154,0.0057
"base ngl25",0,128,12288,12297,0,3,20.2421,0.5760
"base ngl25",0,128,15360,15369,0,3,18.9313,0.0245
"base ngl25",0,240,16384,16133,0,3,18.7771,2.5593
"e1",0,128,0,49,0,3,26.9453,0.0794
"e1",0,128,8192,8201,0,3,24.1689,0.5908
"e1",0,128,12288,12297,0,3,24.0143,0.0263
"e1",0,128,15360,15369,0,3,24.9440,0.1975
"e1",0,240,16384,16133,0,3,23.3886,0.3928
"e1-drop9",0,128,0,49,0,3,28.6274,0.0482
"e1-drop9",0,128,8192,8201,0,3,25.6351,0.1476
"e1-drop9",0,128,12288,12297,0,3,25.4472,0.0526
"e1-drop9",0,128,15360,15369,0,3,25.3052,0.2221
"e1-drop9",0,240,16384,16133,0,3,26.9297,2.7275
"base ngl25-2",0,128,0,49,0,3,26.8422,0.2402
"base ngl25-2",0,128,8192,8201,0,3,21.5465,0.2459
"base ngl25-2",0,128,12288,12297,0,3,21.6178,0.0163
"base ngl25-2",0,128,15360,15369,0,3,19.0492,0.1248
"base ngl25-2",0,240,16384,16133,0,3,19.0575,2.5344
"e1-2",0,128,0,49,0,3,26.7181,0.2218
"e1-2",0,128,8192,8201,0,3,25.2543,0.0441
"e1-2",0,128,12288,12297,0,3,24.4176,0.0337
"e1-2",0,128,15360,15369,0,3,25.1727,0.2814
"e1-2",0,240,16384,16133,0,3,23.9841,0.0167
"e1-drop9-2",0,128,0,49,0,3,28.5564,0.0492
"e1-drop9-2",0,128,8192,8201,0,3,25.8205,0.0155
"e1-drop9-2",0,128,12288,12297,0,3,25.8553,0.0328
"e1-drop9-2",0,128,15360,15369,0,3,25.4240,0.0557
"e1-drop9-2",0,240,16384,16133,0,3,27.5823,3.2516
